store_id,product_id,date,category,sales,price,Discount_Applied,safety_stock,lead_time_days,promotion,is_outlier,day_of_week,day_of_month,week_of_year,month,quarter,day_of_year,is_weekend,sin_day_of_week,cos_day_of_week,sin_month,cos_month,lag_1,has_lag_1,lag_7,has_lag_7,lag_14,has_lag_14,lag_28,has_lag_28,rolling_mean_7,rolling_std_7,rolling_min_7,rolling_max_7,rolling_mean_14,rolling_mean_28,rolling_std_28,rolling_min_28,rolling_max_28,trend_ratio,is_promotion,previous_price,price_change,price_change_pct,store_id_Germany,store_id_India,store_id_Pakistan,store_id_UAE,store_id_UK,store_id_USA,product_id_4K Smart TV,product_id_Air Fryer,product_id_Blender,product_id_Coffee Maker,product_id_Cotton T-Shirt,product_id_Cycling Helmet,product_id_Denim Jeans,product_id_Dumbbell Set,product_id_Face Wash,product_id_Football,product_id_Formal Shirt,product_id_Gaming Laptop,product_id_Hair Serum,product_id_Lipstick Set,product_id_Microwave Oven,product_id_Moisturizing Cream,product_id_Perfume,product_id_Running Shoes,product_id_Smartphone 128GB,product_id_Smartwatch,product_id_Tennis Racket,product_id_Vacuum Cleaner,product_id_Winter Jacket,product_id_Wireless Noise-Canceling Headphones,product_id_Yoga Mat,category_Apparel,category_Beauty,category_Electronics,category_Home & Kitchen,category_Sports
UAE,Yoga Mat,2025-05-23,Sports,0.0,119.82,,20.0,2.0,0.0,0.0,4,23,21,5,2,143,0,-0.433883739117558,-0.9009688679024191,0.49999999999999994,-0.8660254037844387,0.0,1,0.0,1,0.0,1,2.0,1,0.0,0.0,0.0,0.0,0.0,0.17857142857142858,0.6696362433535895,0.0,3.0,0.0,0,119.82,0.0,0.0,False,False,False,True,False,False,False,False,False,False,False,False,False,False,False,False,False,False,False,False,False,False,False,False,False,False,False,False,False,False,True,False,False,False,False,True
UAE,Yoga Mat,2025-05-24,Sports,0.0,119.82,,20.0,2.0,0.0,0.0,5,24,21,5,2,144,1,-0.9749279121818236,-0.2225209339563146,0.49999999999999994,-0.8660254037844387,0.0,1,0.0,1,0.0,1,0.0,1,0.0,0.0,0.0,0.0,0.0,0.10714285714285714,0.5669467095138493,0.0,3.0,0.0,0,119.82,0.0,0.0,False,False,False,True,False,False,False,False,False,False,False,False,False,False,False,False,False,False,False,False,False,False,False,False,False,False,False,False,False,False,True,False,False,False,False,True
UAE,Yoga Mat,2025-05-25,Sports,0.0,119.82,,20.0,2.0,0.0,0.0,6,25,21,5,2,145,1,-0.7818314824680299,0.6234898018587334,0.49999999999999994,-0.8660254037844387,0.0,1,0.0,1,0.0,1,0.0,1,0.0,0.0,0.0,0.0,0.0,0.10714285714285714,0.5669467095138493,0.0,3.0,0.0,0,119.82,0.0,0.0,False,False,False,True,False,False,False,False,False,False,False,False,False,False,False,False,False,False,False,False,False,False,False,False,False,False,False,False,False,False,True,False,False,False,False,True
UAE,Yoga Mat,2025-05-26,Sports,0.0,119.82,,20.0,2.0,0.0,0.0,0,26,22,5,2,146,0,0.0,1.0,0.49999999999999994,-0.8660254037844387,0.0,1,0.0,1,0.0,1,0.0,1,0.0,0.0,0.0,0.0,0.0,0.10714285714285714,0.5669467095138493,0.0,3.0,0.0,0,119.82,0.0,0.0,False,False,False,True,False,False,False,False,False,False,False,False,False,False,False,False,False,False,False,False,False,False,False,False,False,False,False,False,False,False,True,False,False,False,False,True
UAE,Yoga Mat,2025-05-27,Sports,0.0,119.82,,20.0,2.0,0.0,0.0,1,27,22,5,2,147,0,0.7818314824680298,0.6234898018587336,0.49999999999999994,-0.8660254037844387,0.0,1,0.0,1,0.0,1,0.0,1,0.0,0.0,0.0,0.0,0.0,0.10714285714285714,0.5669467095138493,0.0,3.0,0.0,0,119.82,0.0,0.0,False,False,False,True,False,False,False,False,False,False,False,False,False,False,False,False,False,False,False,False,False,False,False,False,False,False,False,False,False,False,True,False,False,False,False,True
UAE,Yoga Mat,2025-05-28,Sports,0.0,119.82,,20.0,2.0,0.0,0.0,2,28,22,5,2,148,0,0.9749279121818236,-0.22252093395631434,0.49999999999999994,-0.8660254037844387,0.0,1,0.0,1,0.0,1,0.0,1,0.0,0.0,0.0,0.0,0.0,0.10714285714285714,0.5669467095138493,0.0,3.0,0.0,0,119.82,0.0,0.0,False,False,False,True,False,False,False,False,False,False,False,False,False,False,False,False,False,False,False,False,False,False,False,False,False,False,False,False,False,False,True,False,False,False,False,True
UAE,Yoga Mat,2025-05-29,Sports,0.0,119.82,,20.0,2.0,0.0,0.0,3,29,22,5,2,149,0,0.43388373911755823,-0.900968867902419,0.49999999999999994,-0.8660254037844387,0.0,1,0.0,1,0.0,1,0.0,1,0.0,0.0,0.0,0.0,0.0,0.10714285714285714,0.5669467095138493,0.0,3.0,0.0,0,119.82,0.0,0.0,False,False,False,True,False,False,False,False,False,False,False,False,False,False,False,False,False,False,False,False,False,False,False,False,False,False,False,False,False,False,True,False,False,False,False,True
UAE,Yoga Mat,2025-05-30,Sports,2.0,61.05,0.14,20.0,2.0,1.0,0.0,4,30,22,5,2,150,0,-0.433883739117558,-0.9009688679024191,0.49999999999999994,-0.8660254037844387,0.0,1,0.0,1,0.0,1,0.0,1,0.0,0.0,0.0,0.0,0.0,0.10714285714285714,0.5669467095138493,0.0,3.0,0.0,1,119.82,-58.769999999999996,-0.4904857285928893,False,False,False,True,False,False,False,False,False,False,False,False,False,False,False,False,False,False,False,False,False,False,False,False,False,False,False,False,False,False,True,False,False,False,False,True
UAE,Yoga Mat,2025-05-31,Sports,0.0,61.05,,20.0,2.0,0.0,0.0,5,31,22,5,2,151,1,-0.9749279121818236,-0.2225209339563146,0.49999999999999994,-0.8660254037844387,2.0,1,0.0,1,0.0,1,0.0,1,0.2857142857142857,0.7559289460184543,0.0,2.0,0.14285714285714285,0.17857142857142858,0.6696362433535894,0.0,3.0,1.5999999999999999,0,61.05,0.0,0.0,False,False,False,True,False,False,False,False,False,False,False,False,False,False,False,False,False,False,False,False,False,False,False,False,False,False,False,False,False,False,True,False,False,False,False,True
UAE,Yoga Mat,2025-06-01,Sports,0.0,61.05,,20.0,2.0,0.0,0.0,6,1,22,6,2,152,1,-0.7818314824680299,0.6234898018587334,1.2246467991473532e-16,-1.0,0.0,1,0.0,1,0.0,1,0.0,1,0.2857142857142857,0.7559289460184543,0.0,2.0,0.14285714285714285,0.17857142857142858,0.6696362433535894,0.0,3.0,1.5999999999999999,0,61.05,0.0,0.0,False,False,False,True,False,False,False,False,False,False,False,False,False,False,False,False,False,False,False,False,False,False,False,False,False,False,False,False,False,False,True,False,False,False,False,True
UAE,Yoga Mat,2025-06-02,Sports,0.0,61.05,,20.0,2.0,0.0,0.0,0,2,23,6,2,153,0,0.0,1.0,1.2246467991473532e-16,-1.0,0.0,1,0.0,1,0.0,1,0.0,1,0.2857142857142857,0.7559289460184543,0.0,2.0,0.14285714285714285,0.17857142857142858,0.6696362433535894,0.0,3.0,1.5999999999999999,0,61.05,0.0,0.0,False,False,False,True,False,False,False,False,False,False,False,False,False,False,False,False,False,False,False,False,False,False,False,False,False,False,False,False,False,False,True,False,False,False,False,True
UAE,Yoga Mat,2025-06-03,Sports,0.0,61.05,,20.0,2.0,0.0,0.0,1,3,23,6,2,154,0,0.7818314824680298,0.6234898018587336,1.2246467991473532e-16,-1.0,0.0,1,0.0,1,0.0,1,0.0,1,0.2857142857142857,0.7559289460184543,0.0,2.0,0.14285714285714285,0.17857142857142858,0.6696362433535894,0.0,3.0,1.5999999999999999,0,61.05,0.0,0.0,False,False,False,True,False,False,False,False,False,False,False,False,False,False,False,False,False,False,False,False,False,False,False,False,False,False,False,False,False,False,True,False,False,False,False,True
UAE,Yoga Mat,2025-06-04,Sports,0.0,61.05,,20.0,2.0,0.0,0.0,2,4,23,6,2,155,0,0.9749279121818236,-0.22252093395631434,1.2246467991473532e-16,-1.0,0.0,1,0.0,1,0.0,1,0.0,1,0.2857142857142857,0.7559289460184543,0.0,2.0,0.14285714285714285,0.17857142857142858,0.6696362433535894,0.0,3.0,1.5999999999999999,0,61.05,0.0,0.0,False,False,False,True,False,False,False,False,False,False,False,False,False,False,False,False,False,False,False,False,False,False,False,False,False,False,False,False,False,False,True,False,False,False,False,True
UAE,Yoga Mat,2025-06-05,Sports,0.0,61.05,,20.0,2.0,0.0,0.0,3,5,23,6,2,156,0,0.43388373911755823,-0.900968867902419,1.2246467991473532e-16,-1.0,0.0,1,0.0,1,0.0,1,3.0,1,0.2857142857142857,0.7559289460184543,0.0,2.0,0.14285714285714285,0.17857142857142858,0.6696362433535894,0.0,3.0,1.5999999999999999,0,61.05,0.0,0.0,False,False,False,True,False,False,False,False,False,False,False,False,False,False,False,False,False,False,False,False,False,False,False,False,False,False,False,False,False,False,True,False,False,False,False,True
UAE,Yoga Mat,2025-06-06,Sports,3.0,111.5,0.07,20.0,2.0,1.0,0.0,4,6,23,6,2,157,0,-0.433883739117558,-0.9009688679024191,1.2246467991473532e-16,-1.0,0.0,1,2.0,1,0.0,1,0.0,1,0.2857142857142857,0.7559289460184543,0.0,2.0,0.14285714285714285,0.07142857142857142,0.37796447300924,0.0,2.0,4.0,1,61.05,50.45,0.8263718263718265,False,False,False,True,False,False,False,False,False,False,False,False,False,False,False,False,False,False,False,False,False,False,False,False,False,False,False,False,False,False,True,False,False,False,False,True
UAE,Yoga Mat,2025-06-07,Sports,0.0,111.5,,20.0,2.0,0.0,0.0,5,7,23,6,2,158,1,-0.9749279121818236,-0.2225209339563146,1.2246467991473532e-16,-1.0,3.0,1,0.0,1,0.0,1,0.0,1,0.42857142857142855,1.1338934190276817,0.0,3.0,0.35714285714285715,0.17857142857142858,0.6696362433535894,0.0,3.0,2.4,0,111.5,0.0,0.0,False,False,False,True,False,False,False,False,False,False,False,False,False,False,False,False,False,False,False,False,False,False,False,False,False,False,False,False,False,False,True,False,False,False,False,True
UAE,Yoga Mat,2025-06-08,Sports,0.0,111.5,,20.0,2.0,0.0,0.0,6,8,23,6,2,159,1,-0.7818314824680299,0.6234898018587334,1.2246467991473532e-16,-1.0,0.0,1,0.0,1,0.0,1,0.0,1,0.42857142857142855,1.1338934190276817,0.0,3.0,0.35714285714285715,0.17857142857142858,0.6696362433535894,0.0,3.0,2.4,0,111.5,0.0,0.0,False,False,False,True,False,False,False,False,False,False,False,False,False,False,False,False,False,False,False,False,False,False,False,False,False,False,False,False,False,False,True,False,False,False,False,True
UAE,Yoga Mat,2025-06-09,Sports,0.0,111.5,,20.0,2.0,0.0,0.0,0,9,24,6,2,160,0,0.0,1.0,1.2246467991473532e-16,-1.0,0.0,1,0.0,1,0.0,1,0.0,1,0.42857142857142855,1.1338934190276817,0.0,3.0,0.35714285714285715,0.17857142857142858,0.6696362433535894,0.0,3.0,2.4,0,111.5,0.0,0.0,False,False,False,True,False,False,False,False,False,False,False,False,False,False,False,False,False,False,False,False,False,False,False,False,False,False,False,False,False,False,True,False,False,False,False,True
UAE,Yoga Mat,2025-06-10,Sports,0.0,111.5,,20.0,2.0,0.0,0.0,1,10,24,6,2,161,0,0.7818314824680298,0.6234898018587336,1.2246467991473532e-16,-1.0,0.0,1,0.0,1,0.0,1,0.0,1,0.42857142857142855,1.1338934190276817,0.0,3.0,0.35714285714285715,0.17857142857142858,0.6696362433535894,0.0,3.0,2.4,0,111.5,0.0,0.0,False,False,False,True,False,False,False,False,False,False,False,False,False,False,False,False,False,False,False,False,False,False,False,False,False,False,False,False,False,False,True,False,False,False,False,True
UAE,Yoga Mat,2025-06-11,Sports,2.0,125.19,0.11,20.0,2.0,1.0,0.0,2,11,24,6,2,162,0,0.9749279121818236,-0.22252093395631434,1.2246467991473532e-16,-1.0,0.0,1,0.0,1,0.0,1,0.0,1,0.42857142857142855,1.1338934190276817,0.0,3.0,0.35714285714285715,0.17857142857142858,0.6696362433535894,0.0,3.0,2.4,1,111.5,13.689999999999998,0.12278026905829595,False,False,False,True,False,False,False,False,False,False,False,False,False,False,False,False,False,False,False,False,False,False,False,False,False,False,False,False,False,False,True,False,False,False,False,True
UAE,Yoga Mat,2025-06-12,Sports,0.0,125.19,,20.0,2.0,0.0,0.0,3,12,24,6,2,163,0,0.43388373911755823,-0.900968867902419,1.2246467991473532e-16,-1.0,2.0,1,0.0,1,0.0,1,0.0,1,0.7142857142857143,1.2535663410560176,0.0,3.0,0.5,0.25,0.7515416254704883,0.0,3.0,2.857142857142857,0,125.19,0.0,0.0,False,False,False,True,False,False,False,False,False,False,False,False,False,False,False,False,False,False,False,False,False,False,False,False,False,False,False,False,False,False,True,False,False,False,False,True
UAE,Yoga Mat,2025-06-13,Sports,0.0,125.19,,20.0,2.0,0.0,0.0,4,13,24,6,2,164,0,-0.433883739117558,-0.9009688679024191,1.2246467991473532e-16,-1.0,0.0,1,3.0,1,2.0,1,0.0,1,0.7142857142857143,1.2535663410560176,0.0,3.0,0.5,0.25,0.7515416254704883,0.0,3.0,2.857142857142857,0,125.19,0.0,0.0,False,False,False,True,False,False,False,False,False,False,False,False,False,False,False,False,False,False,False,False,False,False,False,False,False,False,False,False,False,False,True,False,False,False,False,True
UAE,Yoga Mat,2025-06-14,Sports,0.0,125.19,,20.0,2.0,0.0,0.0,5,14,24,6,2,165,1,-0.9749279121818236,-0.2225209339563146,1.2246467991473532e-16,-1.0,0.0,1,0.0,1,0.0,1,0.0,1,0.2857142857142857,0.7559289460184544,0.0,2.0,0.35714285714285715,0.25,0.7515416254704883,0.0,3.0,1.1428571428571428,0,125.19,0.0,0.0,False,False,False,True,False,False,False,False,False,False,False,False,False,False,False,False,False,False,False,False,False,False,False,False,False,False,False,False,False,False,True,False,False,False,False,True
UAE,Yoga Mat,2025-06-15,Sports,0.0,125.19,,20.0,2.0,0.0,0.0,6,15,24,6,2,166,1,-0.7818314824680299,0.6234898018587334,1.2246467991473532e-16,-1.0,0.0,1,0.0,1,0.0,1,0.0,1,0.2857142857142857,0.7559289460184544,0.0,2.0,0.35714285714285715,0.25,0.7515416254704883,0.0,3.0,1.1428571428571428,0,125.19,0.0,0.0,False,False,False,True,False,False,False,False,False,False,False,False,False,False,False,False,False,False,False,False,False,False,False,False,False,False,False,False,False,False,True,False,False,False,False,True
UAE,Yoga Mat,2025-06-16,Sports,0.0,125.19,,20.0,2.0,0.0,0.0,0,16,25,6,2,167,0,0.0,1.0,1.2246467991473532e-16,-1.0,0.0,1,0.0,1,0.0,1,0.0,1,0.2857142857142857,0.7559289460184544,0.0,2.0,0.35714285714285715,0.25,0.7515416254704883,0.0,3.0,1.1428571428571428,0,125.19,0.0,0.0,False,False,False,True,False,False,False,False,False,False,False,False,False,False,False,False,False,False,False,False,False,False,False,False,False,False,False,False,False,False,True,False,False,False,False,True
UAE,Yoga Mat,2025-06-17,Sports,0.0,125.19,,20.0,2.0,0.0,0.0,1,17,25,6,2,168,0,0.7818314824680298,0.6234898018587336,1.2246467991473532e-16,-1.0,0.0,1,0.0,1,0.0,1,0.0,1,0.2857142857142857,0.7559289460184544,0.0,2.0,0.35714285714285715,0.25,0.7515416254704883,0.0,3.0,1.1428571428571428,0,125.19,0.0,0.0,False,False,False,True,False,False,False,False,False,False,False,False,False,False,False,False,False,False,False,False,False,False,False,False,False,False,False,False,False,False,True,False,False,False,False,True
UAE,Yoga Mat,2025-06-18,Sports,0.0,125.19,,20.0,2.0,0.0,0.0,2,18,25,6,2,169,0,0.9749279121818236,-0.22252093395631434,1.2246467991473532e-16,-1.0,0.0,1,2.0,1,0.0,1,0.0,1,0.2857142857142857,0.7559289460184544,0.0,2.0,0.35714285714285715,0.25,0.7515416254704883,0.0,3.0,1.1428571428571428,0,125.19,0.0,0.0,False,False,False,True,False,False,False,False,False,False,False,False,False,False,False,False,False,False,False,False,False,False,False,False,False,False,False,False,False,False,True,False,False,False,False,True
UAE,Yoga Mat,2025-06-19,Sports,0.0,125.19,,20.0,2.0,0.0,0.0,3,19,25,6,2,170,0,0.43388373911755823,-0.900968867902419,1.2246467991473532e-16,-1.0,0.0,1,0.0,1,0.0,1,0.0,1,0.0,0.0,0.0,0.0,0.35714285714285715,0.25,0.7515416254704883,0.0,3.0,0.0,0,125.19,0.0,0.0,False,False,False,True,False,False,False,False,False,False,False,False,False,False,False,False,False,False,False,False,False,False,False,False,False,False,False,False,False,False,True,False,False,False,False,True
UAE,Yoga Mat,2025-06-20,Sports,0.0,125.19,,20.0,2.0,0.0,0.0,4,20,25,6,2,171,0,-0.433883739117558,-0.9009688679024191,1.2246467991473532e-16,-1.0,0.0,1,0.0,1,3.0,1,0.0,1,0.0,0.0,0.0,0.0,0.35714285714285715,0.25,0.7515416254704883,0.0,3.0,0.0,0,125.19,0.0,0.0,False,False,False,True,False,False,False,False,False,False,False,False,False,False,False,False,False,False,False,False,False,False,False,False,False,False,False,False,False,False,True,False,False,False,False,True
UAE,Yoga Mat,2025-06-21,Sports,2.0,26.92,0.03,20.0,2.0,1.0,0.0,5,21,25,6,2,172,1,-0.9749279121818236,-0.2225209339563146,1.2246467991473532e-16,-1.0,0.0,1,0.0,1,0.0,1,0.0,1,0.0,0.0,0.0,0.0,0.14285714285714285,0.25,0.7515416254704883,0.0,3.0,0.0,1,125.19,-98.27,-0.7849668503874111,False,False,False,True,False,False,False,False,False,False,False,False,False,False,False,False,False,False,False,False,False,False,False,False,False,False,False,False,False,False,True,False,False,False,False,True
UAE,Yoga Mat,2025-06-22,Sports,0.0,26.92,,20.0,2.0,0.0,0.0,6,22,25,6,2,173,1,-0.7818314824680299,0.6234898018587334,1.2246467991473532e-16,-1.0,2.0,1,0.0,1,0.0,1,0.0,1,0.2857142857142857,0.7559289460184544,0.0,2.0,0.2857142857142857,0.32142857142857145,0.818923024853331,0.0,3.0,0.8888888888888887,0,26.92,0.0,0.0,False,False,False,True,False,False,False,False,False,False,False,False,False,False,False,False,False,False,False,False,False,False,False,False,False,False,False,False,False,False,True,False,False,False,False,True
UAE,Yoga Mat,2025-06-23,Sports,0.0,26.92,,20.0,2.0,0.0,0.0,0,23,26,6,2,174,0,0.0,1.0,1.2246467991473532e-16,-1.0,0.0,1,0.0,1,0.0,1,0.0,1,0.2857142857142857,0.7559289460184544,0.0,2.0,0.2857142857142857,0.32142857142857145,0.818923024853331,0.0,3.0,0.8888888888888887,0,26.92,0.0,0.0,False,False,False,True,False,False,False,False,False,False,False,False,False,False,False,False,False,False,False,False,False,False,False,False,False,False,False,False,False,False,True,False,False,False,False,True
UAE,Yoga Mat,2025-06-24,Sports,0.0,26.92,,20.0,2.0,0.0,0.0,1,24,26,6,2,175,0,0.7818314824680298,0.6234898018587336,1.2246467991473532e-16,-1.0,0.0,1,0.0,1,0.0,1,0.0,1,0.2857142857142857,0.7559289460184544,0.0,2.0,0.2857142857142857,0.32142857142857145,0.818923024853331,0.0,3.0,0.8888888888888887,0,26.92,0.0,0.0,False,False,False,True,False,False,False,False,False,False,False,False,False,False,False,False,False,False,False,False,False,False,False,False,False,False,False,False,False,False,True,False,False,False,False,True
UAE,Yoga Mat,2025-06-25,Sports,0.0,26.92,,20.0,2.0,0.0,0.0,2,25,26,6,2,176,0,0.9749279121818236,-0.22252093395631434,1.2246467991473532e-16,-1.0,0.0,1,0.0,1,2.0,1,0.0,1,0.2857142857142857,0.7559289460184544,0.0,2.0,0.2857142857142857,0.32142857142857145,0.818923024853331,0.0,3.0,0.8888888888888887,0,26.92,0.0,0.0,False,False,False,True,False,False,False,False,False,False,False,False,False,False,False,False,False,False,False,False,False,False,False,False,False,False,False,False,False,False,True,False,False,False,False,True
UAE,Yoga Mat,2025-06-26,Sports,0.0,26.92,,20.0,2.0,0.0,0.0,3,26,26,6,2,177,0,0.43388373911755823,-0.900968867902419,1.2246467991473532e-16,-1.0,0.0,1,0.0,1,0.0,1,0.0,1,0.2857142857142857,0.7559289460184544,0.0,2.0,0.14285714285714285,0.32142857142857145,0.818923024853331,0.0,3.0,0.8888888888888887,0,26.92,0.0,0.0,False,False,False,True,False,False,False,False,False,False,False,False,False,False,False,False,False,False,False,False,False,False,False,False,False,False,False,False,False,False,True,False,False,False,False,True
UAE,Yoga Mat,2025-06-27,Sports,0.0,26.92,,20.0,2.0,0.0,0.0,4,27,26,6,2,178,0,-0.433883739117558,-0.9009688679024191,1.2246467991473532e-16,-1.0,0.0,1,0.0,1,0.0,1,2.0,1,0.2857142857142857,0.7559289460184544,0.0,2.0,0.14285714285714285,0.32142857142857145,0.818923024853331,0.0,3.0,0.8888888888888887,0,26.92,0.0,0.0,False,False,False,True,False,False,False,False,False,False,False,False,False,False,False,False,False,False,False,False,False,False,False,False,False,False,False,False,False,False,True,False,False,False,False,True
UAE,Yoga Mat,2025-06-28,Sports,0.0,26.92,,20.0,2.0,0.0,0.0,5,28,26,6,2,179,1,-0.9749279121818236,-0.2225209339563146,1.2246467991473532e-16,-1.0,0.0,1,2.0,1,0.0,1,0.0,1,0.2857142857142857,0.7559289460184544,0.0,2.0,0.14285714285714285,0.25,0.7515416254704883,0.0,3.0,1.1428571428571428,0,26.92,0.0,0.0,False,False,False,True,False,False,False,False,False,False,False,False,False,False,False,False,False,False,False,False,False,False,False,False,False,False,False,False,False,False,True,False,False,False,False,True
UAE,Yoga Mat,2025-06-29,Sports,1.0,185.78,0.06,20.0,2.0,1.0,0.0,6,29,26,6,2,180,1,-0.7818314824680299,0.6234898018587334,1.2246467991473532e-16,-1.0,0.0,1,0.0,1,0.0,1,0.0,1,0.0,0.0,0.0,0.0,0.14285714285714285,0.25,0.7515416254704883,0.0,3.0,0.0,1,26.92,158.86,5.9011887072808324,False,False,False,True,False,False,False,False,False,False,False,False,False,False,False,False,False,False,False,False,False,False,False,False,False,False,False,False,False,False,True,False,False,False,False,True
UAE,Yoga Mat,2025-06-30,Sports,0.0,185.78,,20.0,2.0,0.0,0.0,0,30,27,6,2,181,0,0.0,1.0,1.2246467991473532e-16,-1.0,1.0,1,0.0,1,0.0,1,0.0,1,0.14285714285714285,0.37796447300922686,0.0,1.0,0.21428571428571427,0.2857142857142857,0.7628961803617782,0.0,3.0,0.5,0,185.78,0.0,0.0,False,False,False,True,False,False,False,False,False,False,False,False,False,False,False,False,False,False,False,False,False,False,False,False,False,False,False,False,False,False,True,False,False,False,False,True
UAE,Yoga Mat,2025-07-01,Sports,0.0,185.78,,20.0,2.0,0.0,0.0,1,1,27,7,3,182,0,0.7818314824680298,0.6234898018587336,-0.4999999999999997,-0.8660254037844388,0.0,1,0.0,1,0.0,1,0.0,1,0.14285714285714285,0.37796447300922686,0.0,1.0,0.21428571428571427,0.2857142857142857,0.7628961803617782,0.0,3.0,0.5,0,185.78,0.0,0.0,False,False,False,True,False,False,False,False,False,False,False,False,False,False,False,False,False,False,False,False,False,False,False,False,False,False,False,False,False,False,True,False,False,False,False,True
UAE,Yoga Mat,2025-07-02,Sports,0.0,185.78,,20.0,2.0,0.0,0.0,2,2,27,7,3,183,0,0.9749279121818236,-0.22252093395631434,-0.4999999999999997,-0.8660254037844388,0.0,1,0.0,1,0.0,1,0.0,1,0.14285714285714285,0.37796447300922686,0.0,1.0,0.21428571428571427,0.2857142857142857,0.7628961803617782,0.0,3.0,0.5,0,185.78,0.0,0.0,False,False,False,True,False,False,False,False,False,False,False,False,False,False,False,False,False,False,False,False,False,False,False,False,False,False,False,False,False,False,True,False,False,False,False,True
UAE,Yoga Mat,2025-07-03,Sports,0.0,185.78,,20.0,2.0,0.0,0.0,3,3,27,7,3,184,0,0.43388373911755823,-0.900968867902419,-0.4999999999999997,-0.8660254037844388,0.0,1,0.0,1,0.0,1,0.0,1,0.14285714285714285,0.37796447300922686,0.0,1.0,0.21428571428571427,0.2857142857142857,0.7628961803617782,0.0,3.0,0.5,0,185.78,0.0,0.0,False,False,False,True,False,False,False,False,False,False,False,False,False,False,False,False,False,False,False,False,False,False,False,False,False,False,False,False,False,False,True,False,False,False,False,True
UAE,Yoga Mat,2025-07-04,Sports,4.0,111.62,0.07,20.0,2.0,1.0,0.0,4,4,27,7,3,185,0,-0.433883739117558,-0.9009688679024191,-0.4999999999999997,-0.8660254037844388,0.0,1,0.0,1,0.0,1,3.0,1,0.14285714285714285,0.37796447300922686,0.0,1.0,0.21428571428571427,0.2857142857142857,0.7628961803617782,0.0,3.0,0.5,1,185.78,-74.16,-0.39918182796856494,False,False,False,True,False,False,False,False,False,False,False,False,False,False,False,False,False,False,False,False,False,False,False,False,False,False,False,False,False,False,True,False,False,False,False,True
UAE,Yoga Mat,2025-07-05,Sports,0.0,111.62,,20.0,2.0,0.0,0.0,5,5,27,7,3,186,1,-0.9749279121818236,-0.2225209339563146,-0.4999999999999997,-0.8660254037844388,4.0,1,0.0,1,2.0,1,0.0,1,0.7142857142857143,1.4960264830861913,0.0,4.0,0.5,0.32142857142857145,0.9048663264720803,0.0,4.0,2.2222222222222223,0,111.62,0.0,0.0,False,False,False,True,False,False,False,False,False,False,False,False,False,False,False,False,False,False,False,False,False,False,False,False,False,False,False,False,False,False,True,False,False,False,False,True
UAE,Yoga Mat,2025-07-06,Sports,0.0,111.62,,20.0,2.0,0.0,0.0,6,6,27,7,3,187,1,-0.7818314824680299,0.6234898018587334,-0.4999999999999997,-0.8660254037844388,0.0,1,1.0,1,0.0,1,0.0,1,0.7142857142857143,1.4960264830861913,0.0,4.0,0.35714285714285715,0.32142857142857145,0.9048663264720803,0.0,4.0,2.2222222222222223,0,111.62,0.0,0.0,False,False,False,True,False,False,False,False,False,False,False,False,False,False,False,False,False,False,False,False,False,False,False,False,False,False,False,False,False,False,True,False,False,False,False,True
UAE,Yoga Mat,2025-07-07,Sports,0.0,111.62,,20.0,2.0,0.0,0.0,0,7,28,7,3,188,0,0.0,1.0,-0.4999999999999997,-0.8660254037844388,0.0,1,0.0,1,0.0,1,0.0,1,0.5714285714285714,1.511857892036909,0.0,4.0,0.35714285714285715,0.32142857142857145,0.9048663264720803,0.0,4.0,1.7777777777777775,0,111.62,0.0,0.0,False,False,False,True,False,False,False,False,False,False,False,False,False,False,False,False,False,False,False,False,False,False,False,False,False,False,False,False,False,False,True,False,False,False,False,True
UAE,Yoga Mat,2025-07-08,Sports,0.0,111.62,,20.0,2.0,0.0,0.0,1,8,28,7,3,189,0,0.7818314824680298,0.6234898018587336,-0.4999999999999997,-0.8660254037844388,0.0,1,0.0,1,0.0,1,0.0,1,0.5714285714285714,1.511857892036909,0.0,4.0,0.35714285714285715,0.32142857142857145,0.9048663264720803,0.0,4.0,1.7777777777777775,0,111.62,0.0,0.0,False,False,False,True,False,False,False,False,False,False,False,False,False,False,False,False,False,False,False,False,False,False,False,False,False,False,False,False,False,False,True,False,False,False,False,True
UAE,Yoga Mat,2025-07-09,Sports,0.0,111.62,,20.0,2.0,0.0,0.0,2,9,28,7,3,190,0,0.9749279121818236,-0.22252093395631434,-0.4999999999999997,-0.8660254037844388,0.0,1,0.0,1,0.0,1,2.0,1,0.5714285714285714,1.511857892036909,0.0,4.0,0.35714285714285715,0.32142857142857145,0.9048663264720803,0.0,4.0,1.7777777777777775,0,111.62,0.0,0.0,False,False,False,True,False,False,False,False,False,False,False,False,False,False,False,False,False,False,False,False,False,False,False,False,False,False,False,False,False,False,True,False,False,False,False,True
UAE,Yoga Mat,2025-07-10,Sports,0.0,111.62,,20.0,2.0,0.0,0.0,3,10,28,7,3,191,0,0.43388373911755823,-0.900968867902419,-0.4999999999999997,-0.8660254037844388,0.0,1,0.0,1,0.0,1,0.0,1,0.5714285714285714,1.511857892036909,0.0,4.0,0.35714285714285715,0.25,0.8443713418650421,0.0,4.0,2.2857142857142856,0,111.62,0.0,0.0,False,False,False,True,False,False,False,False,False,False,False,False,False,False,False,False,False,False,False,False,False,False,False,False,False,False,False,False,False,False,True,False,False,False,False,True
UAE,Yoga Mat,2025-07-11,Sports,0.0,111.62,,20.0,2.0,0.0,0.0,4,11,28,7,3,192,0,-0.433883739117558,-0.9009688679024191,-0.4999999999999997,-0.8660254037844388,0.0,1,4.0,1,0.0,1,0.0,1,0.5714285714285714,1.511857892036909,0.0,4.0,0.35714285714285715,0.25,0.8443713418650421,0.0,4.0,2.2857142857142856,0,111.62,0.0,0.0,False,False,False,True,False,False,False,False,False,False,False,False,False,False,False,False,False,False,False,False,False,False,False,False,False,False,False,False,False,False,True,False,False,False,False,True
UAE,Yoga Mat,2025-07-12,Sports,0.0,111.62,,20.0,2.0,0.0,0.0,5,12,28,7,3,193,1,-0.9749279121818236,-0.2225209339563146,-0.4999999999999997,-0.8660254037844388,0.0,1,0.0,1,0.0,1,0.0,1,0.0,0.0,0.0,0.0,0.35714285714285715,0.25,0.8443713418650421,0.0,4.0,0.0,0,111.62,0.0,0.0,False,False,False,True,False,False,False,False,False,False,False,False,False,False,False,False,False,False,False,False,False,False,False,False,False,False,False,False,False,False,True,False,False,False,False,True
UAE,Yoga Mat,2025-07-13,Sports,0.0,111.62,,20.0,2.0,0.0,0.0,6,13,28,7,3,194,1,-0.7818314824680299,0.6234898018587334,-0.4999999999999997,-0.8660254037844388,0.0,1,0.0,1,1.0,1,0.0,1,0.0,0.0,0.0,0.0,0.35714285714285715,0.25,0.8443713418650421,0.0,4.0,0.0,0,111.62,0.0,0.0,False,False,False,True,False,False,False,False,False,False,False,False,False,False,False,False,False,False,False,False,False,False,False,False,False,False,False,False,False,False,True,False,False,False,False,True
UAE,Yoga Mat,2025-07-14,Sports,3.0,100.26,0.03,20.0,2.0,1.0,0.0,0,14,29,7,3,195,0,0.0,1.0,-0.4999999999999997,-0.8660254037844388,0.0,1,0.0,1,0.0,1,0.0,1,0.0,0.0,0.0,0.0,0.2857142857142857,0.25,0.8443713418650421,0.0,4.0,0.0,1,111.62,-11.36,-0.10177387564952517,False,False,False,True,False,False,False,False,False,False,False,False,False,False,False,False,False,False,False,False,False,False,False,False,False,False,False,False,False,False,True,False,False,False,False,True
UAE,Yoga Mat,2025-07-15,Sports,0.0,100.26,,20.0,2.0,0.0,0.0,1,15,29,7,3,196,0,0.7818314824680298,0.6234898018587336,-0.4999999999999997,-0.8660254037844388,3.0,1,0.0,1,0.0,1,0.0,1,0.42857142857142855,1.1338934190276817,0.0,3.0,0.5,0.35714285714285715,0.9893613995077771,0.0,4.0,1.2,0,100.26,0.0,0.0,False,False,False,True,False,False,False,False,False,False,False,False,False,False,False,False,False,False,False,False,False,False,False,False,False,False,False,False,False,False,True,False,False,False,False,True
UAE,Yoga Mat,2025-07-16,Sports,1.0,78.14,0.14,20.0,2.0,1.0,0.0,2,16,29,7,3,197,0,0.9749279121818236,-0.22252093395631434,-0.4999999999999997,-0.8660254037844388,0.0,1,0.0,1,0.0,1,0.0,1,0.42857142857142855,1.1338934190276817,0.0,3.0,0.5,0.35714285714285715,0.9893613995077771,0.0,4.0,1.2,1,100.26,-22.120000000000005,-0.22062637143427094,False,False,False,True,False,False,False,False,False,False,False,False,False,False,False,False,False,False,False,False,False,False,False,False,False,False,False,False,False,False,True,False,False,False,False,True
UAE,Yoga Mat,2025-07-17,Sports,1.0,156.92,0.11,20.0,2.0,1.0,0.0,3,17,29,7,3,198,0,0.43388373911755823,-0.900968867902419,-0.4999999999999997,-0.8660254037844388,1.0,1,0.0,1,0.0,1,0.0,1,0.5714285714285714,1.133893419027682,0.0,3.0,0.5714285714285714,0.39285714285714285,0.9940297973880091,0.0,4.0,1.4545454545454546,1,78.14,78.77999999999999,1.0081904274379316,False,False,False,True,False,False,False,False,False,False,False,False,False,False,False,False,False,False,False,False,False,False,False,False,False,False,False,False,False,False,True,False,False,False,False,True
UAE,Yoga Mat,2025-07-18,Sports,0.0,156.92,,20.0,2.0,0.0,0.0,4,18,29,7,3,199,0,-0.433883739117558,-0.9009688679024191,-0.4999999999999997,-0.8660254037844388,1.0,1,0.0,1,4.0,1,0.0,1,0.7142857142857143,1.112697280528374,0.0,3.0,0.6428571428571429,0.42857142857142855,0.9973509887241316,0.0,4.0,1.6666666666666667,0,156.92,0.0,0.0,False,False,False,True,False,False,False,False,False,False,False,False,False,False,False,False,False,False,False,False,False,False,False,False,False,False,False,False,False,False,True,False,False,False,False,True
UAE,Yoga Mat,2025-07-19,Sports,0.0,156.92,,20.0,2.0,0.0,0.0,5,19,29,7,3,200,1,-0.9749279121818236,-0.2225209339563146,-0.4999999999999997,-0.8660254037844388,0.0,1,0.0,1,0.0,1,2.0,1,0.7142857142857143,1.112697280528374,0.0,3.0,0.35714285714285715,0.42857142857142855,0.9973509887241316,0.0,4.0,1.6666666666666667,0,156.92,0.0,0.0,False,False,False,True,False,False,False,False,False,False,False,False,False,False,False,False,False,False,False,False,False,False,False,False,False,False,False,False,False,False,True,False,False,False,False,True
UAE,Yoga Mat,2025-07-20,Sports,0.0,156.92,,20.0,2.0,0.0,0.0,6,20,29,7,3,201,1,-0.7818314824680299,0.6234898018587334,-0.4999999999999997,-0.8660254037844388,0.0,1,0.0,1,0.0,1,0.0,1,0.7142857142857143,1.112697280528374,0.0,3.0,0.35714285714285715,0.35714285714285715,0.9511897312113462,0.0,4.0,2.0,0,156.92,0.0,0.0,False,False,False,True,False,False,False,False,False,False,False,False,False,False,False,False,False,False,False,False,False,False,False,False,False,False,False,False,False,False,True,False,False,False,False,True
UAE,Yoga Mat,2025-07-21,Sports,3.0,177.19,0.04,20.0,2.0,1.0,0.0,0,21,30,7,3,202,0,0.0,1.0,-0.4999999999999997,-0.8660254037844388,0.0,1,3.0,1,0.0,1,0.0,1,0.7142857142857143,1.112697280528374,0.0,3.0,0.35714285714285715,0.35714285714285715,0.9511897312113462,0.0,4.0,2.0,1,156.92,20.27000000000001,0.12917410145296973,False,False,False,True,False,False,False,False,False,False,False,False,False,False,False,False,False,False,False,False,False,False,False,False,False,False,False,False,False,False,True,False,False,False,False,True
UAE,Yoga Mat,2025-07-22,Sports,0.0,177.19,,20.0,2.0,0.0,0.0,1,22,30,7,3,203,0,0.7818314824680298,0.6234898018587336,-0.4999999999999997,-0.8660254037844388,3.0,1,0.0,1,0.0,1,0.0,1,0.7142857142857143,1.112697280528374,0.0,3.0,0.5714285714285714,0.4642857142857143,1.0708993401928142,0.0,4.0,1.5384615384615385,0,177.19,0.0,0.0,False,False,False,True,False,False,False,False,False,False,False,False,False,False,False,False,False,False,False,False,False,False,False,False,False,False,False,False,False,False,True,False,False,False,False,True
UAE,Yoga Mat,2025-07-23,Sports,0.0,177.19,,20.0,2.0,0.0,0.0,2,23,30,7,3,204,0,0.9749279121818236,-0.22252093395631434,-0.4999999999999997,-0.8660254037844388,0.0,1,1.0,1,0.0,1,0.0,1,0.7142857142857143,1.112697280528374,0.0,3.0,0.5714285714285714,0.4642857142857143,1.0708993401928142,0.0,4.0,1.5384615384615385,0,177.19,0.0,0.0,False,False,False,True,False,False,False,False,False,False,False,False,False,False,False,False,False,False,False,False,False,False,False,False,False,False,False,False,False,False,True,False,False,False,False,True
UAE,Yoga Mat,2025-07-24,Sports,0.0,177.19,,20.0,2.0,0.0,0.0,3,24,30,7,3,205,0,0.43388373911755823,-0.900968867902419,-0.4999999999999997,-0.8660254037844388,0.0,1,1.0,1,0.0,1,0.0,1,0.5714285714285714,1.133893419027682,0.0,3.0,0.5714285714285714,0.4642857142857143,1.0708993401928142,0.0,4.0,1.2307692307692306,0,177.19,0.0,0.0,False,False,False,True,False,False,False,False,False,False,False,False,False,False,False,False,False,False,False,False,False,False,False,False,False,False,False,False,False,False,True,False,False,False,False,True
UAE,Yoga Mat,2025-07-25,Sports,3.0,16.96,0.05,20.0,2.0,1.0,0.0,4,25,30,7,3,206,0,-0.433883739117558,-0.9009688679024191,-0.4999999999999997,-0.8660254037844388,0.0,1,0.0,1,0.0,1,0.0,1,0.42857142857142855,1.1338934190276817,0.0,3.0,0.5714285714285714,0.4642857142857143,1.0708993401928142,0.0,4.0,0.923076923076923,1,177.19,-160.23,-0.9042835374456797,False,False,False,True,False,False,False,False,False,False,False,False,False,False,False,False,False,False,False,False,False,False,False,False,False,False,False,False,False,False,True,False,False,False,False,True
UAE,Yoga Mat,2025-07-26,Sports,0.0,16.96,,20.0,2.0,0.0,0.0,5,26,30,7,3,207,1,-0.9749279121818236,-0.2225209339563146,-0.4999999999999997,-0.8660254037844388,3.0,1,0.0,1,0.0,1,0.0,1,0.8571428571428571,1.4638501094228,0.0,3.0,0.7857142857142857,0.5714285714285714,1.1683661091795554,0.0,4.0,1.5,0,16.96,0.0,0.0,False,False,False,True,False,False,False,False,False,False,False,False,False,False,False,False,False,False,False,False,False,False,False,False,False,False,False,False,False,False,True,False,False,False,False,True
UAE,Yoga Mat,2025-07-27,Sports,0.0,16.96,,20.0,2.0,0.0,0.0,6,27,30,7,3,208,1,-0.7818314824680299,0.6234898018587334,-0.4999999999999997,-0.8660254037844388,0.0,1,0.0,1,0.0,1,1.0,1,0.8571428571428571,1.4638501094228,0.0,3.0,0.7857142857142857,0.5714285714285714,1.1683661091795554,0.0,4.0,1.5,0,16.96,0.0,0.0,False,False,False,True,False,False,False,False,False,False,False,False,False,False,False,False,False,False,False,False,False,False,False,False,False,False,False,False,False,False,True,False,False,False,False,True
UAE,Yoga Mat,2025-07-28,Sports,0.0,16.96,,20.0,2.0,0.0,0.0,0,28,31,7,3,209,0,0.0,1.0,-0.4999999999999997,-0.8660254037844388,0.0,1,3.0,1,3.0,1,0.0,1,0.8571428571428571,1.4638501094228,0.0,3.0,0.7857142857142857,0.5357142857142857,1.1700630833624428,0.0,4.0,1.5999999999999999,0,16.96,0.0,0.0,False,False,False,True,False,False,False,False,False,False,False,False,False,False,False,False,False,False,False,False,False,False,False,False,False,False,False,False,False,False,True,False,False,False,False,True
UAE,Yoga Mat,2025-07-29,Sports,0.0,16.96,,20.0,2.0,0.0,0.0,1,29,31,7,3,210,0,0.7818314824680298,0.6234898018587336,-0.4999999999999997,-0.8660254037844388,0.0,1,0.0,1,0.0,1,0.0,1,0.42857142857142855,1.1338934190276817,0.0,3.0,0.5714285714285714,0.5357142857142857,1.1700630833624428,0.0,4.0,0.7999999999999999,0,16.96,0.0,0.0,False,False,False,True,False,False,False,False,False,False,False,False,False,False,False,False,False,False,False,False,False,False,False,False,False,False,False,False,False,False,True,False,False,False,False,True
UAE,Yoga Mat,2025-07-30,Sports,0.0,16.96,,20.0,2.0,0.0,0.0,2,30,31,7,3,211,0,0.9749279121818236,-0.22252093395631434,-0.4999999999999997,-0.8660254037844388,0.0,1,0.0,1,1.0,1,0.0,1,0.42857142857142855,1.1338934190276817,0.0,3.0,0.5714285714285714,0.5357142857142857,1.1700630833624428,0.0,4.0,0.7999999999999999,0,16.96,0.0,0.0,False,False,False,True,False,False,False,False,False,False,False,False,False,False,False,False,False,False,False,False,False,False,False,False,False,False,False,False,False,False,True,False,False,False,False,True
UAE,Yoga Mat,2025-07-31,Sports,0.0,16.96,,20.0,2.0,0.0,0.0,3,31,31,7,3,212,0,0.43388373911755823,-0.900968867902419,-0.4999999999999997,-0.8660254037844388,0.0,1,0.0,1,1.0,1,0.0,1,0.42857142857142855,1.1338934190276817,0.0,3.0,0.5,0.5357142857142857,1.1700630833624428,0.0,4.0,0.7999999999999999,0,16.96,0.0,0.0,False,False,False,True,False,False,False,False,False,False,False,False,False,False,False,False,False,False,False,False,False,False,False,False,False,False,False,False,False,False,True,False,False,False,False,True
UAE,Yoga Mat,2025-08-01,Sports,3.0,130.2,0.03,20.0,2.0,1.0,0.0,4,1,31,8,3,213,0,-0.433883739117558,-0.9009688679024191,-0.8660254037844385,-0.5000000000000004,0.0,1,3.0,1,0.0,1,4.0,1,0.42857142857142855,1.1338934190276817,0.0,3.0,0.42857142857142855,0.5357142857142857,1.1700630833624428,0.0,4.0,0.7999999999999999,1,16.96,113.23999999999998,6.676886792452828,False,False,False,True,False,False,False,False,False,False,False,False,False,False,False,False,False,False,False,False,False,False,False,False,False,False,False,False,False,False,True,False,False,False,False,True
UAE,Yoga Mat,2025-08-02,Sports,0.0,130.2,,20.0,2.0,0.0,0.0,5,2,31,8,3,214,1,-0.9749279121818236,-0.2225209339563146,-0.8660254037844385,-0.5000000000000004,3.0,1,0.0,1,0.0,1,0.0,1,0.42857142857142855,1.1338934190276817,0.0,3.0,0.6428571428571429,0.5,1.0715167512214432,0.0,3.0,0.8571428571428571,0,130.2,0.0,0.0,False,False,False,True,False,False,False,False,False,False,False,False,False,False,False,False,False,False,False,False,False,False,False,False,False,False,False,False,False,False,True,False,False,False,False,True
UAE,Yoga Mat,2025-08-03,Sports,4.0,77.825,0.12,20.0,2.0,1.0,0.0,6,3,31,8,3,215,1,-0.7818314824680299,0.6234898018587334,-0.8660254037844385,-0.5000000000000004,0.0,1,0.0,1,0.0,1,0.0,1,0.42857142857142855,1.1338934190276817,0.0,3.0,0.6428571428571429,0.5,1.0715167512214432,0.0,3.0,0.8571428571428571,1,130.2,-52.374999999999986,-0.4022657450076804,False,False,False,True,False,False,False,False,False,False,False,False,False,False,False,False,False,False,False,False,False,False,False,False,False,False,False,False,False,False,True,False,False,False,False,True
UAE,Yoga Mat,2025-08-04,Sports,0.0,77.825,,20.0,2.0,0.0,0.0,0,4,32,8,3,216,0,0.0,1.0,-0.8660254037844385,-0.5000000000000004,4.0,1,0.0,1,3.0,1,0.0,1,1.0,1.7320508075688776,0.0,4.0,0.9285714285714286,0.6428571428571429,1.2535663410560205,0.0,4.0,1.5555555555555554,0,77.825,0.0,0.0,False,False,False,True,False,False,False,False,False,False,False,False,False,False,False,False,False,False,False,False,False,False,False,False,False,False,False,False,False,False,True,False,False,False,False,True
UAE,Yoga Mat,2025-08-05,Sports,0.0,77.825,,20.0,2.0,0.0,0.0,1,5,32,8,3,217,0,0.7818314824680298,0.6234898018587336,-0.8660254037844385,-0.5000000000000004,0.0,1,0.0,1,0.0,1,0.0,1,1.0,1.7320508075688776,0.0,4.0,0.7142857142857143,0.6428571428571429,1.2535663410560205,0.0,4.0,1.5555555555555554,0,77.825,0.0,0.0,False,False,False,True,False,False,False,False,False,False,False,False,False,False,False,False,False,False,False,False,False,False,False,False,False,False,False,False,False,False,True,False,False,False,False,True
UAE,Yoga Mat,2025-08-06,Sports,0.0,77.825,,20.0,2.0,0.0,0.0,2,6,32,8,3,218,0,0.9749279121818236,-0.22252093395631434,-0.8660254037844385,-0.5000000000000004,0.0,1,0.0,1,0.0,1,0.0,1,1.0,1.7320508075688776,0.0,4.0,0.7142857142857143,0.6428571428571429,1.2535663410560205,0.0,4.0,1.5555555555555554,0,77.825,0.0,0.0,False,False,False,True,False,False,False,False,False,False,False,False,False,False,False,False,False,False,False,False,False,False,False,False,False,False,False,False,False,False,True,False,False,False,False,True
UAE,Yoga Mat,2025-08-07,Sports,0.0,77.825,,20.0,2.0,0.0,0.0,3,7,32,8,3,219,0,0.43388373911755823,-0.900968867902419,-0.8660254037844385,-0.5000000000000004,0.0,1,0.0,1,0.0,1,0.0,1,1.0,1.7320508075688776,0.0,4.0,0.7142857142857143,0.6428571428571429,1.2535663410560205,0.0,4.0,1.5555555555555554,0,77.825,0.0,0.0,False,False,False,True,False,False,False,False,False,False,False,False,False,False,False,False,False,False,False,False,False,False,False,False,False,False,False,False,False,False,True,False,False,False,False,True
UAE,Yoga Mat,2025-08-08,Sports,0.0,77.825,,20.0,2.0,0.0,0.0,4,8,32,8,3,220,0,-0.433883739117558,-0.9009688679024191,-0.8660254037844385,-0.5000000000000004,0.0,1,3.0,1,3.0,1,0.0,1,1.0,1.7320508075688776,0.0,4.0,0.7142857142857143,0.6428571428571429,1.2535663410560205,0.0,4.0,1.5555555555555554,0,77.825,0.0,0.0,False,False,False,True,False,False,False,False,False,False,False,False,False,False,False,False,False,False,False,False,False,False,False,False,False,False,False,False,False,False,True,False,False,False,False,True
UAE,Yoga Mat,2025-08-09,Sports,0.0,77.825,,20.0,2.0,0.0,0.0,5,9,32,8,3,221,1,-0.9749279121818236,-0.2225209339563146,-0.8660254037844385,-0.5000000000000004,0.0,1,0.0,1,0.0,1,0.0,1,0.5714285714285714,1.5118578920369092,0.0,4.0,0.5,0.6428571428571429,1.2535663410560205,0.0,4.0,0.8888888888888887,0,77.825,0.0,0.0,False,False,False,True,False,False,False,False,False,False,False,False,False,False,False,False,False,False,False,False,False,False,False,False,False,False,False,False,False,False,True,False,False,False,False,True
UAE,Yoga Mat,2025-08-10,Sports,0.0,77.825,,20.0,2.0,0.0,0.0,6,10,32,8,3,222,1,-0.7818314824680299,0.6234898018587334,-0.8660254037844385,-0.5000000000000004,0.0,1,4.0,1,0.0,1,0.0,1,0.5714285714285714,1.5118578920369092,0.0,4.0,0.5,0.6428571428571429,1.2535663410560205,0.0,4.0,0.8888888888888887,0,77.825,0.0,0.0,False,False,False,True,False,False,False,False,False,False,False,False,False,False,False,False,False,False,False,False,False,False,False,False,False,False,False,False,False,False,True,False,False,False,False,True
UAE,Yoga Mat,2025-08-11,Sports,0.0,77.825,,20.0,2.0,0.0,0.0,0,11,33,8,3,223,0,0.0,1.0,-0.8660254037844385,-0.5000000000000004,0.0,1,0.0,1,0.0,1,3.0,1,0.0,0.0,0.0,0.0,0.5,0.6428571428571429,1.2535663410560205,0.0,4.0,0.0,0,77.825,0.0,0.0,False,False,False,True,False,False,False,False,False,False,False,False,False,False,False,False,False,False,False,False,False,False,False,False,False,False,False,False,False,False,True,False,False,False,False,True
UAE,Yoga Mat,2025-08-12,Sports,0.0,77.825,,20.0,2.0,0.0,0.0,1,12,33,8,3,224,0,0.7818314824680298,0.6234898018587336,-0.8660254037844385,-0.5000000000000004,0.0,1,0.0,1,0.0,1,0.0,1,0.0,0.0,0.0,0.0,0.5,0.5357142857142857,1.170063083362443,0.0,4.0,0.0,0,77.825,0.0,0.0,False,False,False,True,False,False,False,False,False,False,False,False,False,False,False,False,False,False,False,False,False,False,False,False,False,False,False,False,False,False,True,False,False,False,False,True
UAE,Yoga Mat,2025-08-13,Sports,2.0,167.5,0.07,20.0,2.0,1.0,0.0,2,13,33,8,3,225,0,0.9749279121818236,-0.22252093395631434,-0.8660254037844385,-0.5000000000000004,0.0,1,0.0,1,0.0,1,1.0,1,0.0,0.0,0.0,0.0,0.5,0.5357142857142857,1.170063083362443,0.0,4.0,0.0,1,77.825,89.675,1.1522646964343077,False,False,False,True,False,False,False,False,False,False,False,False,False,False,False,False,False,False,False,False,False,False,False,False,False,False,False,False,False,False,True,False,False,False,False,True
UAE,Yoga Mat,2025-08-14,Sports,0.0,167.5,,20.0,2.0,0.0,0.0,3,14,33,8,3,226,0,0.43388373911755823,-0.900968867902419,-0.8660254037844385,-0.5000000000000004,2.0,1,0.0,1,0.0,1,1.0,1,0.2857142857142857,0.7559289460184546,0.0,2.0,0.6428571428571429,0.5714285714285714,1.1996472144565864,0.0,4.0,0.5,0,167.5,0.0,0.0,False,False,False,True,False,False,False,False,False,False,False,False,False,False,False,False,False,False,False,False,False,False,False,False,False,False,False,False,False,False,True,False,False,False,False,True
UAE,Yoga Mat,2025-08-15,Sports,0.0,167.5,,20.0,2.0,0.0,0.0,4,15,33,8,3,227,0,-0.433883739117558,-0.9009688679024191,-0.8660254037844385,-0.5000000000000004,0.0,1,0.0,1,3.0,1,0.0,1,0.2857142857142857,0.7559289460184546,0.0,2.0,0.6428571428571429,0.5357142857142857,1.2013000012993011,0.0,4.0,0.5333333333333333,0,167.5,0.0,0.0,False,False,False,True,False,False,False,False,False,False,False,False,False,False,False,False,False,False,False,False,False,False,False,False,False,False,False,False,False,False,True,False,False,False,False,True
UAE,Yoga Mat,2025-08-16,Sports,0.0,167.5,,20.0,2.0,0.0,0.0,5,16,33,8,3,228,1,-0.9749279121818236,-0.2225209339563146,-0.8660254037844385,-0.5000000000000004,0.0,1,0.0,1,0.0,1,0.0,1,0.2857142857142857,0.7559289460184546,0.0,2.0,0.42857142857142855,0.5357142857142857,1.2013000012993011,0.0,4.0,0.5333333333333333,0,167.5,0.0,0.0,False,False,False,True,False,False,False,False,False,False,False,False,False,False,False,False,False,False,False,False,False,False,False,False,False,False,False,False,False,False,True,False,False,False,False,True
UAE,Yoga Mat,2025-08-17,Sports,0.0,167.5,,20.0,2.0,0.0,0.0,6,17,33,8,3,229,1,-0.7818314824680299,0.6234898018587334,-0.8660254037844385,-0.5000000000000004,0.0,1,0.0,1,4.0,1,0.0,1,0.2857142857142857,0.7559289460184546,0.0,2.0,0.42857142857142855,0.5357142857142857,1.2013000012993011,0.0,4.0,0.5333333333333333,0,167.5,0.0,0.0,False,False,False,True,False,False,False,False,False,False,False,False,False,False,False,False,False,False,False,False,False,False,False,False,False,False,False,False,False,False,True,False,False,False,False,True
UAE,Yoga Mat,2025-08-18,Sports,0.0,167.5,,20.0,2.0,0.0,0.0,0,18,34,8,3,230,0,0.0,1.0,-0.8660254037844385,-0.5000000000000004,0.0,1,0.0,1,0.0,1,3.0,1,0.2857142857142857,0.7559289460184546,0.0,2.0,0.14285714285714285,0.5357142857142857,1.2013000012993011,0.0,4.0,0.5333333333333333,0,167.5,0.0,0.0,False,False,False,True,False,False,False,False,False,False,False,False,False,False,False,False,False,False,False,False,False,False,False,False,False,False,False,False,False,False,True,False,False,False,False,True
UAE,Yoga Mat,2025-08-19,Sports,0.0,167.5,,20.0,2.0,0.0,0.0,1,19,34,8,3,231,0,0.7818314824680298,0.6234898018587336,-0.8660254037844385,-0.5000000000000004,0.0,1,0.0,1,0.0,1,0.0,1,0.2857142857142857,0.7559289460184546,0.0,2.0,0.14285714285714285,0.42857142857142855,1.1031460542154992,0.0,4.0,0.6666666666666666,0,167.5,0.0,0.0,False,False,False,True,False,False,False,False,False,False,False,False,False,False,False,False,False,False,False,False,False,False,False,False,False,False,False,False,False,False,True,False,False,False,False,True
UAE,Yoga Mat,2025-08-20,Sports,0.0,167.5,,20.0,2.0,0.0,0.0,2,20,34,8,3,232,0,0.9749279121818236,-0.22252093395631434,-0.8660254037844385,-0.5000000000000004,0.0,1,2.0,1,0.0,1,0.0,1,0.2857142857142857,0.7559289460184546,0.0,2.0,0.14285714285714285,0.42857142857142855,1.1031460542154992,0.0,4.0,0.6666666666666666,0,167.5,0.0,0.0,False,False,False,True,False,False,False,False,False,False,False,False,False,False,False,False,False,False,False,False,False,False,False,False,False,False,False,False,False,False,True,False,False,False,False,True
UAE,Yoga Mat,2025-08-21,Sports,0.0,167.5,,20.0,2.0,0.0,0.0,3,21,34,8,3,233,0,0.43388373911755823,-0.900968867902419,-0.8660254037844385,-0.5000000000000004,0.0,1,0.0,1,0.0,1,0.0,1,0.0,0.0,0.0,0.0,0.14285714285714285,0.42857142857142855,1.1031460542154992,0.0,4.0,0.0,0,167.5,0.0,0.0,False,False,False,True,False,False,False,False,False,False,False,False,False,False,False,False,False,False,False,False,False,False,False,False,False,False,False,False,False,False,True,False,False,False,False,True
UAE,Yoga Mat,2025-08-22,Sports,0.0,167.5,,20.0,2.0,0.0,0.0,4,22,34,8,3,234,0,-0.433883739117558,-0.9009688679024191,-0.8660254037844385,-0.5000000000000004,0.0,1,0.0,1,0.0,1,3.0,1,0.0,0.0,0.0,0.0,0.14285714285714285,0.42857142857142855,1.1031460542154992,0.0,4.0,0.0,0,167.5,0.0,0.0,False,False,False,True,False,False,False,False,False,False,False,False,False,False,False,False,False,False,False,False,False,False,False,False,False,False,False,False,False,False,True,False,False,False,False,True
UAE,Yoga Mat,2025-08-23,Sports,2.0,35.99,0.15,20.0,2.0,1.0,0.0,5,23,34,8,3,235,1,-0.9749279121818236,-0.2225209339563146,-0.8660254037844385,-0.5000000000000004,0.0,1,0.0,1,0.0,1,0.0,1,0.0,0.0,0.0,0.0,0.14285714285714285,0.32142857142857145,0.9833266074561522,0.0,4.0,0.0,1,167.5,-131.51,-0.785134328358209,False,False,False,True,False,False,False,False,False,False,False,False,False,False,False,False,False,False,False,False,False,False,False,False,False,False,False,False,False,False,True,False,False,False,False,True
UAE,Yoga Mat,2025-08-24,Sports,4.0,120.19,0.15,20.0,2.0,1.0,0.0,6,24,34,8,3,236,1,-0.7818314824680299,0.6234898018587334,-0.8660254037844385,-0.5000000000000004,2.0,1,0.0,1,0.0,1,0.0,1,0.2857142857142857,0.7559289460184546,0.0,2.0,0.2857142857142857,0.39285714285714285,1.0306159867619562,0.0,4.0,0.7272727272727273,1,35.99,84.19999999999999,2.3395387607668794,False,False,False,True,False,False,False,False,False,False,False,False,False,False,False,False,False,False,False,False,False,False,False,False,False,False,False,False,False,False,True,False,False,False,False,True
UAE,Yoga Mat,2025-08-25,Sports,0.0,120.19,,20.0,2.0,0.0,0.0,0,25,35,8,3,237,0,0.0,1.0,-0.8660254037844385,-0.5000000000000004,4.0,1,0.0,1,0.0,1,0.0,1,0.8571428571428571,1.5735915849388864,0.0,4.0,0.5714285714285714,0.5357142857142857,1.2317450089997424,0.0,4.0,1.5999999999999999,0,120.19,0.0,0.0,False,False,False,True,False,False,False,False,False,False,False,False,False,False,False,False,False,False,False,False,False,False,False,False,False,False,False,False,False,False,True,False,False,False,False,True
UAE,Yoga Mat,2025-08-26,Sports,0.0,120.19,,20.0,2.0,0.0,0.0,1,26,35,8,3,238,0,0.7818314824680298,0.6234898018587336,-0.8660254037844385,-0.5000000000000004,0.0,1,0.0,1,0.0,1,0.0,1,0.8571428571428571,1.5735915849388864,0.0,4.0,0.5714285714285714,0.5357142857142857,1.2317450089997424,0.0,4.0,1.5999999999999999,0,120.19,0.0,0.0,False,False,False,True,False,False,False,False,False,False,False,False,False,False,False,False,False,False,False,False,False,False,False,False,False,False,False,False,False,False,True,False,False,False,False,True
UAE,Yoga Mat,2025-08-27,Sports,0.0,120.19,,20.0,2.0,0.0,0.0,2,27,35,8,3,239,0,0.9749279121818236,-0.22252093395631434,-0.8660254037844385,-0.5000000000000004,0.0,1,0.0,1,2.0,1,0.0,1,0.8571428571428571,1.5735915849388864,0.0,4.0,0.5714285714285714,0.5357142857142857,1.2317450089997424,0.0,4.0,1.5999999999999999,0,120.19,0.0,0.0,False,False,False,True,False,False,False,False,False,False,False,False,False,False,False,False,False,False,False,False,False,False,False,False,False,False,False,False,False,False,True,False,False,False,False,True
UAE,Yoga Mat,2025-08-28,Sports,0.0,120.19,,20.0,2.0,0.0,0.0,3,28,35,8,3,240,0,0.43388373911755823,-0.900968867902419,-0.8660254037844385,-0.5000000000000004,0.0,1,0.0,1,0.0,1,0.0,1,0.8571428571428571,1.5735915849388864,0.0,4.0,0.42857142857142855,0.5357142857142857,1.2317450089997424,0.0,4.0,1.5999999999999999,0,120.19,0.0,0.0,False,False,False,True,False,False,False,False,False,False,False,False,False,False,False,False,False,False,False,False,False,False,False,False,False,False,False,False,False,False,True,False,False,False,False,True
UAE,Yoga Mat,2025-08-29,Sports,0.0,120.19,,20.0,2.0,0.0,0.0,4,29,35,8,3,241,0,-0.433883739117558,-0.9009688679024191,-0.8660254037844385,-0.5000000000000004,0.0,1,0.0,1,0.0,1,3.0,1,0.8571428571428571,1.5735915849388864,0.0,4.0,0.42857142857142855,0.5357142857142857,1.2317450089997424,0.0,4.0,1.5999999999999999,0,120.19,0.0,0.0,False,False,False,True,False,False,False,False,False,False,False,False,False,False,False,False,False,False,False,False,False,False,False,False,False,False,False,False,False,False,True,False,False,False,False,True
UAE,Yoga Mat,2025-08-30,Sports,0.0,120.19,,20.0,2.0,0.0,0.0,5,30,35,8,3,242,1,-0.9749279121818236,-0.2225209339563146,-0.8660254037844385,-0.5000000000000004,0.0,1,2.0,1,0.0,1,0.0,1,0.8571428571428571,1.5735915849388864,0.0,4.0,0.42857142857142855,0.42857142857142855,1.1362241376617992,0.0,4.0,2.0,0,120.19,0.0,0.0,False,False,False,True,False,False,False,False,False,False,False,False,False,False,False,False,False,False,False,False,False,False,False,False,False,False,False,False,False,False,True,False,False,False,False,True
UAE,Yoga Mat,2025-08-31,Sports,0.0,120.19,,20.0,2.0,0.0,0.0,6,31,35,8,3,243,1,-0.7818314824680299,0.6234898018587334,-0.8660254037844385,-0.5000000000000004,0.0,1,4.0,1,0.0,1,4.0,1,0.5714285714285714,1.511857892036909,0.0,4.0,0.42857142857142855,0.42857142857142855,1.1362241376617992,0.0,4.0,1.3333333333333333,0,120.19,0.0,0.0,False,False,False,True,False,False,False,False,False,False,False,False,False,False,False,False,False,False,False,False,False,False,False,False,False,False,False,False,False,False,True,False,False,False,False,True
UAE,Yoga Mat,2025-09-01,Sports,0.0,120.19,,20.0,2.0,0.0,0.0,0,1,36,9,3,244,0,0.0,1.0,-1.0,-1.8369701987210297e-16,0.0,1,0.0,1,0.0,1,0.0,1,0.0,0.0,0.0,0.0,0.42857142857142855,0.2857142857142857,0.8967902788460707,0.0,4.0,0.0,0,120.19,0.0,0.0,False,False,False,True,False,False,False,False,False,False,False,False,False,False,False,False,False,False,False,False,False,False,False,False,False,False,False,False,False,False,True,False,False,False,False,True
UAE,Yoga Mat,2025-09-02,Sports,0.0,120.19,,20.0,2.0,0.0,0.0,1,2,36,9,3,245,0,0.7818314824680298,0.6234898018587336,-1.0,-1.8369701987210297e-16,0.0,1,0.0,1,0.0,1,0.0,1,0.0,0.0,0.0,0.0,0.42857142857142855,0.2857142857142857,0.8967902788460707,0.0,4.0,0.0,0,120.19,0.0,0.0,False,False,False,True,False,False,False,False,False,False,False,False,False,False,False,False,False,False,False,False,False,False,False,False,False,False,False,False,False,False,True,False,False,False,False,True
UAE,Yoga Mat,2025-09-03,Sports,0.0,120.19,,20.0,2.0,0.0,0.0,2,3,36,9,3,246,0,0.9749279121818236,-0.22252093395631434,-1.0,-1.8369701987210297e-16,0.0,1,0.0,1,0.0,1,0.0,1,0.0,0.0,0.0,0.0,0.42857142857142855,0.2857142857142857,0.8967902788460707,0.0,4.0,0.0,0,120.19,0.0,0.0,False,False,False,True,False,False,False,False,False,False,False,False,False,False,False,False,False,False,False,False,False,False,False,False,False,False,False,False,False,False,True,False,False,False,False,True
UAE,Yoga Mat,2025-09-04,Sports,0.0,120.19,,20.0,2.0,0.0,0.0,3,4,36,9,3,247,0,0.43388373911755823,-0.900968867902419,-1.0,-1.8369701987210297e-16,0.0,1,0.0,1,0.0,1,0.0,1,0.0,0.0,0.0,0.0,0.42857142857142855,0.2857142857142857,0.8967902788460707,0.0,4.0,0.0,0,120.19,0.0,0.0,False,False,False,True,False,False,False,False,False,False,False,False,False,False,False,False,False,False,False,False,False,False,False,False,False,False,False,False,False,False,True,False,False,False,False,True
UAE,Yoga Mat,2025-09-05,Sports,0.0,120.19,,20.0,2.0,0.0,0.0,4,5,36,9,3,248,0,-0.433883739117558,-0.9009688679024191,-1.0,-1.8369701987210297e-16,0.0,1,0.0,1,0.0,1,0.0,1,0.0,0.0,0.0,0.0,0.42857142857142855,0.2857142857142857,0.8967902788460707,0.0,4.0,0.0,0,120.19,0.0,0.0,False,False,False,True,False,False,False,False,False,False,False,False,False,False,False,False,False,False,False,False,False,False,False,False,False,False,False,False,False,False,True,False,False,False,False,True
UAE,Yoga Mat,2025-09-06,Sports,0.0,120.19,,20.0,2.0,0.0,0.0,5,6,36,9,3,249,1,-0.9749279121818236,-0.2225209339563146,-1.0,-1.8369701987210297e-16,0.0,1,0.0,1,2.0,1,0.0,1,0.0,0.0,0.0,0.0,0.42857142857142855,0.2857142857142857,0.8967902788460707,0.0,4.0,0.0,0,120.19,0.0,0.0,False,False,False,True,False,False,False,False,False,False,False,False,False,False,False,False,False,False,False,False,False,False,False,False,False,False,False,False,False,False,True,False,False,False,False,True
UAE,Yoga Mat,2025-09-07,Sports,3.0,101.61,0.03,20.0,2.0,1.0,0.0,6,7,36,9,3,250,1,-0.7818314824680299,0.6234898018587334,-1.0,-1.8369701987210297e-16,0.0,1,0.0,1,4.0,1,0.0,1,0.0,0.0,0.0,0.0,0.2857142857142857,0.2857142857142857,0.8967902788460707,0.0,4.0,0.0,1,120.19,-18.58,-0.15458856810050753,False,False,False,True,False,False,False,False,False,False,False,False,False,False,False,False,False,False,False,False,False,False,False,False,False,False,False,False,False,False,True,False,False,False,False,True
UAE,Yoga Mat,2025-09-08,Sports,0.0,101.61,,20.0,2.0,0.0,0.0,0,8,37,9,3,251,0,0.0,1.0,-1.0,-1.8369701987210297e-16,3.0,1,0.0,1,0.0,1,0.0,1,0.42857142857142855,1.1338934190276817,0.0,3.0,0.21428571428571427,0.39285714285714285,1.0306159867619562,0.0,4.0,1.0909090909090908,0,101.61,0.0,0.0,False,False,False,True,False,False,False,False,False,False,False,False,False,False,False,False,False,False,False,False,False,False,False,False,False,False,False,False,False,False,True,False,False,False,False,True
UAE,Yoga Mat,2025-09-09,Sports,0.0,101.61,,20.0,2.0,0.0,0.0,1,9,37,9,3,252,0,0.7818314824680298,0.6234898018587336,-1.0,-1.8369701987210297e-16,0.0,1,0.0,1,0.0,1,0.0,1,0.42857142857142855,1.1338934190276817,0.0,3.0,0.21428571428571427,0.39285714285714285,1.0306159867619562,0.0,4.0,1.0909090909090908,0,101.61,0.0,0.0,False,False,False,True,False,False,False,False,False,False,False,False,False,False,False,False,False,False,False,False,False,False,False,False,False,False,False,False,False,False,True,False,False,False,False,True
UAE,Yoga Mat,2025-09-10,Sports,0.0,101.61,,20.0,2.0,0.0,0.0,2,10,37,9,3,253,0,0.9749279121818236,-0.22252093395631434,-1.0,-1.8369701987210297e-16,0.0,1,0.0,1,0.0,1,2.0,1,0.42857142857142855,1.1338934190276817,0.0,3.0,0.21428571428571427,0.39285714285714285,1.0306159867619562,0.0,4.0,1.0909090909090908,0,101.61,0.0,0.0,False,False,False,True,False,False,False,False,False,False,False,False,False,False,False,False,False,False,False,False,False,False,False,False,False,False,False,False,False,False,True,False,False,False,False,True
UAE,Yoga Mat,2025-09-11,Sports,0.0,101.61,,20.0,2.0,0.0,0.0,3,11,37,9,3,254,0,0.43388373911755823,-0.900968867902419,-1.0,-1.8369701987210297e-16,0.0,1,0.0,1,0.0,1,0.0,1,0.42857142857142855,1.1338934190276817,0.0,3.0,0.21428571428571427,0.32142857142857145,0.9833266074561522,0.0,4.0,1.3333333333333333,0,101.61,0.0,0.0,False,False,False,True,False,False,False,False,False,False,False,False,False,False,False,False,False,False,False,False,False,False,False,False,False,False,False,False,False,False,True,False,False,False,False,True
UAE,Yoga Mat,2025-09-12,Sports,0.0,101.61,,20.0,2.0,0.0,0.0,4,12,37,9,3,255,0,-0.433883739117558,-0.9009688679024191,-1.0,-1.8369701987210297e-16,0.0,1,0.0,1,0.0,1,0.0,1,0.42857142857142855,1.1338934190276817,0.0,3.0,0.21428571428571427,0.32142857142857145,0.9833266074561522,0.0,4.0,1.3333333333333333,0,101.61,0.0,0.0,False,False,False,True,False,False,False,False,False,False,False,False,False,False,False,False,False,False,False,False,False,False,False,False,False,False,False,False,False,False,True,False,False,False,False,True
UAE,Yoga Mat,2025-09-13,Sports,0.0,101.61,,20.0,2.0,0.0,0.0,5,13,37,9,3,256,1,-0.9749279121818236,-0.2225209339563146,-1.0,-1.8369701987210297e-16,0.0,1,0.0,1,0.0,1,0.0,1,0.42857142857142855,1.1338934190276817,0.0,3.0,0.21428571428571427,0.32142857142857145,0.9833266074561522,0.0,4.0,1.3333333333333333,0,101.61,0.0,0.0,False,False,False,True,False,False,False,False,False,False,False,False,False,False,False,False,False,False,False,False,False,False,False,False,False,False,False,False,False,False,True,False,False,False,False,True
UAE,Yoga Mat,2025-09-14,Sports,0.0,101.61,,20.0,2.0,0.0,0.0,6,14,37,9,3,257,1,-0.7818314824680299,0.6234898018587334,-1.0,-1.8369701987210297e-16,0.0,1,3.0,1,0.0,1,0.0,1,0.42857142857142855,1.1338934190276817,0.0,3.0,0.21428571428571427,0.32142857142857145,0.9833266074561522,0.0,4.0,1.3333333333333333,0,101.61,0.0,0.0,False,False,False,True,False,False,False,False,False,False,False,False,False,False,False,False,False,False,False,False,False,False,False,False,False,False,False,False,False,False,True,False,False,False,False,True
UAE,Yoga Mat,2025-09-15,Sports,0.0,101.61,,20.0,2.0,0.0,0.0,0,15,38,9,3,258,0,0.0,1.0,-1.0,-1.8369701987210297e-16,0.0,1,0.0,1,0.0,1,0.0,1,0.0,0.0,0.0,0.0,0.21428571428571427,0.32142857142857145,0.9833266074561522,0.0,4.0,0.0,0,101.61,0.0,0.0,False,False,False,True,False,False,False,False,False,False,False,False,False,False,False,False,False,False,False,False,False,False,False,False,False,False,False,False,False,False,True,False,False,False,False,True
UAE,Yoga Mat,2025-09-16,Sports,0.0,101.61,,20.0,2.0,0.0,0.0,1,16,38,9,3,259,0,0.7818314824680298,0.6234898018587336,-1.0,-1.8369701987210297e-16,0.0,1,0.0,1,0.0,1,0.0,1,0.0,0.0,0.0,0.0,0.21428571428571427,0.32142857142857145,0.9833266074561522,0.0,4.0,0.0,0,101.61,0.0,0.0,False,False,False,True,False,False,False,False,False,False,False,False,False,False,False,False,False,False,False,False,False,False,False,False,False,False,False,False,False,False,True,False,False,False,False,True
UAE,Yoga Mat,2025-09-17,Sports,0.0,101.61,,20.0,2.0,0.0,0.0,2,17,38,9,3,260,0,0.9749279121818236,-0.22252093395631434,-1.0,-1.8369701987210297e-16,0.0,1,0.0,1,0.0,1,0.0,1,0.0,0.0,0.0,0.0,0.21428571428571427,0.32142857142857145,0.9833266074561522,0.0,4.0,0.0,0,101.61,0.0,0.0,False,False,False,True,False,False,False,False,False,False,False,False,False,False,False,False,False,False,False,False,False,False,False,False,False,False,False,False,False,False,True,False,False,False,False,True
UAE,Yoga Mat,2025-09-18,Sports,0.0,101.61,,20.0,2.0,0.0,0.0,3,18,38,9,3,261,0,0.43388373911755823,-0.900968867902419,-1.0,-1.8369701987210297e-16,0.0,1,0.0,1,0.0,1,0.0,1,0.0,0.0,0.0,0.0,0.21428571428571427,0.32142857142857145,0.9833266074561522,0.0,4.0,0.0,0,101.61,0.0,0.0,False,False,False,True,False,False,False,False,False,False,False,False,False,False,False,False,False,False,False,False,False,False,False,False,False,False,False,False,False,False,True,False,False,False,False,True
UAE,Yoga Mat,2025-09-19,Sports,0.0,101.61,,20.0,2.0,0.0,0.0,4,19,38,9,3,262,0,-0.433883739117558,-0.9009688679024191,-1.0,-1.8369701987210297e-16,0.0,1,0.0,1,0.0,1,0.0,1,0.0,0.0,0.0,0.0,0.21428571428571427,0.32142857142857145,0.9833266074561522,0.0,4.0,0.0,0,101.61,0.0,0.0,False,False,False,True,False,False,False,False,False,False,False,False,False,False,False,False,False,False,False,False,False,False,False,False,False,False,False,False,False,False,True,False,False,False,False,True
UAE,Yoga Mat,2025-09-20,Sports,0.0,101.61,,20.0,2.0,0.0,0.0,5,20,38,9,3,263,1,-0.9749279121818236,-0.2225209339563146,-1.0,-1.8369701987210297e-16,0.0,1,0.0,1,0.0,1,2.0,1,0.0,0.0,0.0,0.0,0.21428571428571427,0.32142857142857145,0.9833266074561522,0.0,4.0,0.0,0,101.61,0.0,0.0,False,False,False,True,False,False,False,False,False,False,False,False,False,False,False,False,False,False,False,False,False,False,False,False,False,False,False,False,False,False,True,False,False,False,False,True
UAE,Yoga Mat,2025-09-21,Sports,0.0,101.61,,20.0,2.0,0.0,0.0,6,21,38,9,3,264,1,-0.7818314824680299,0.6234898018587334,-1.0,-1.8369701987210297e-16,0.0,1,0.0,1,3.0,1,4.0,1,0.0,0.0,0.0,0.0,0.21428571428571427,0.25,0.9279607271383419,0.0,4.0,0.0,0,101.61,0.0,0.0,False,False,False,True,False,False,False,False,False,False,False,False,False,False,False,False,False,False,False,False,False,False,False,False,False,False,False,False,False,False,True,False,False,False,False,True
UAE,Yoga Mat,2025-09-22,Sports,1.0,166.61,0.06,20.0,2.0,1.0,0.0,0,22,39,9,3,265,0,0.0,1.0,-1.0,-1.8369701987210297e-16,0.0,1,0.0,1,0.0,1,0.0,1,0.0,0.0,0.0,0.0,0.0,0.10714285714285714,0.5669467095138493,0.0,3.0,0.0,1,101.61,65.00000000000001,0.6397008168487355,False,False,False,True,False,False,False,False,False,False,False,False,False,False,False,False,False,False,False,False,False,False,False,False,False,False,False,False,False,False,True,False,False,False,False,True
UAE,Yoga Mat,2025-09-23,Sports,0.0,166.61,,20.0,2.0,0.0,0.0,1,23,39,9,3,266,0,0.7818314824680298,0.6234898018587336,-1.0,-1.8369701987210297e-16,1.0,1,0.0,1,0.0,1,0.0,1,0.14285714285714285,0.37796447300922664,0.0,1.0,0.07142857142857142,0.14285714285714285,0.5909368402852869,0.0,3.0,1.0,0,166.61,0.0,0.0,False,False,False,True,False,False,False,False,False,False,False,False,False,False,False,False,False,False,False,False,False,False,False,False,False,False,False,False,False,False,True,False,False,False,False,True
UAE,Yoga Mat,2025-09-24,Sports,0.0,166.61,,20.0,2.0,0.0,0.0,2,24,39,9,3,267,0,0.9749279121818236,-0.22252093395631434,-1.0,-1.8369701987210297e-16,0.0,1,0.0,1,0.0,1,0.0,1,0.14285714285714285,0.37796447300922664,0.0,1.0,0.07142857142857142,0.14285714285714285,0.5909368402852869,0.0,3.0,1.0,0,166.61,0.0,0.0,False,False,False,True,False,False,False,False,False,False,False,False,False,False,False,False,False,False,False,False,False,False,False,False,False,False,False,False,False,False,True,False,False,False,False,True
UAE,Yoga Mat,2025-09-25,Sports,3.0,157.98,0.11,20.0,2.0,1.0,0.0,3,25,39,9,3,268,0,0.43388373911755823,-0.900968867902419,-1.0,-1.8369701987210297e-16,0.0,1,0.0,1,0.0,1,0.0,1,0.14285714285714285,0.37796447300922664,0.0,1.0,0.07142857142857142,0.14285714285714285,0.5909368402852869,0.0,3.0,1.0,1,166.61,-8.630000000000024,-0.051797611187803995,False,False,False,True,False,False,False,False,False,False,False,False,False,False,False,False,False,False,False,False,False,False,False,False,False,False,False,False,False,False,True,False,False,False,False,True
UAE,Yoga Mat,2025-09-26,Sports,0.0,157.98,,20.0,2.0,0.0,0.0,4,26,39,9,3,269,0,-0.433883739117558,-0.9009688679024191,-1.0,-1.8369701987210297e-16,3.0,1,0.0,1,0.0,1,0.0,1,0.5714285714285714,1.1338934190276817,0.0,3.0,0.2857142857142857,0.25,0.7993052538854589,0.0,3.0,2.2857142857142856,0,157.98,0.0,0.0,False,False,False,True,False,False,False,False,False,False,False,False,False,False,False,False,False,False,False,False,False,False,False,False,False,False,False,False,False,False,True,False,False,False,False,True
UAE,Yoga Mat,2025-09-27,Sports,0.0,157.98,,20.0,2.0,0.0,0.0,5,27,39,9,3,270,1,-0.9749279121818236,-0.2225209339563146,-1.0,-1.8369701987210297e-16,0.0,1,0.0,1,0.0,1,0.0,1,0.5714285714285714,1.1338934190276817,0.0,3.0,0.2857142857142857,0.25,0.7993052538854589,0.0,3.0,2.2857142857142856,0,157.98,0.0,0.0,False,False,False,True,False,False,False,False,False,False,False,False,False,False,False,False,False,False,False,False,False,False,False,False,False,False,False,False,False,False,True,False,False,False,False,True
UAE,Yoga Mat,2025-09-28,Sports,0.0,157.98,,20.0,2.0,0.0,0.0,6,28,39,9,3,271,1,-0.7818314824680299,0.6234898018587334,-1.0,-1.8369701987210297e-16,0.0,1,0.0,1,0.0,1,0.0,1,0.5714285714285714,1.1338934190276817,0.0,3.0,0.2857142857142857,0.25,0.7993052538854589,0.0,3.0,2.2857142857142856,0,157.98,0.0,0.0,False,False,False,True,False,False,False,False,False,False,False,False,False,False,False,False,False,False,False,False,False,False,False,False,False,False,False,False,False,False,True,False,False,False,False,True
UAE,Yoga Mat,2025-09-29,Sports,0.0,157.98,,20.0,2.0,0.0,0.0,0,29,40,9,3,272,0,0.0,1.0,-1.0,-1.8369701987210297e-16,0.0,1,1.0,1,0.0,1,0.0,1,0.5714285714285714,1.1338934190276817,0.0,3.0,0.2857142857142857,0.25,0.7993052538854589,0.0,3.0,2.2857142857142856,0,157.98,0.0,0.0,False,False,False,True,False,False,False,False,False,False,False,False,False,False,False,False,False,False,False,False,False,False,False,False,False,False,False,False,False,False,True,False,False,False,False,True
UAE,Yoga Mat,2025-09-30,Sports,0.0,157.98,,20.0,2.0,0.0,0.0,1,30,40,9,3,273,0,0.7818314824680298,0.6234898018587336,-1.0,-1.8369701987210297e-16,0.0,1,0.0,1,0.0,1,0.0,1,0.42857142857142855,1.1338934190276817,0.0,3.0,0.2857142857142857,0.25,0.7993052538854589,0.0,3.0,1.7142857142857142,0,157.98,0.0,0.0,False,False,False,True,False,False,False,False,False,False,False,False,False,False,False,False,False,False,False,False,False,False,False,False,False,False,False,False,False,False,True,False,False,False,False,True
UAE,Yoga Mat,2025-10-01,Sports,0.0,157.98,,20.0,2.0,0.0,0.0,2,1,40,10,4,274,0,0.9749279121818236,-0.22252093395631434,-0.8660254037844386,0.5000000000000001,0.0,1,0.0,1,0.0,1,0.0,1,0.42857142857142855,1.1338934190276817,0.0,3.0,0.2857142857142857,0.25,0.7993052538854589,0.0,3.0,1.7142857142857142,0,157.98,0.0,0.0,False,False,False,True,False,False,False,False,False,False,False,False,False,False,False,False,False,False,False,False,False,False,False,False,False,False,False,False,False,False,True,False,False,False,False,True
UAE,Yoga Mat,2025-10-02,Sports,0.0,157.98,,20.0,2.0,0.0,0.0,3,2,40,10,4,275,0,0.43388373911755823,-0.900968867902419,-0.8660254037844386,0.5000000000000001,0.0,1,3.0,1,0.0,1,0.0,1,0.42857142857142855,1.1338934190276817,0.0,3.0,0.2857142857142857,0.25,0.7993052538854589,0.0,3.0,1.7142857142857142,0,157.98,0.0,0.0,False,False,False,True,False,False,False,False,False,False,False,False,False,False,False,False,False,False,False,False,False,False,False,False,False,False,False,False,False,False,True,False,False,False,False,True
UAE,Yoga Mat,2025-10-03,Sports,0.0,157.98,,20.0,2.0,0.0,0.0,4,3,40,10,4,276,0,-0.433883739117558,-0.9009688679024191,-0.8660254037844386,0.5000000000000001,0.0,1,0.0,1,0.0,1,0.0,1,0.0,0.0,0.0,0.0,0.2857142857142857,0.25,0.7993052538854589,0.0,3.0,0.0,0,157.98,0.0,0.0,False,False,False,True,False,False,False,False,False,False,False,False,False,False,False,False,False,False,False,False,False,False,False,False,False,False,False,False,False,False,True,False,False,False,False,True
UAE,Yoga Mat,2025-10-04,Sports,0.0,157.98,,20.0,2.0,0.0,0.0,5,4,40,10,4,277,1,-0.9749279121818236,-0.2225209339563146,-0.8660254037844386,0.5000000000000001,0.0,1,0.0,1,0.0,1,0.0,1,0.0,0.0,0.0,0.0,0.2857142857142857,0.25,0.7993052538854589,0.0,3.0,0.0,0,157.98,0.0,0.0,False,False,False,True,False,False,False,False,False,False,False,False,False,False,False,False,False,False,False,False,False,False,False,False,False,False,False,False,False,False,True,False,False,False,False,True
UAE,Yoga Mat,2025-10-05,Sports,1.0,39.46,0.09,20.0,2.0,1.0,0.0,6,5,40,10,4,278,1,-0.7818314824680299,0.6234898018587334,-0.8660254037844386,0.5000000000000001,0.0,1,0.0,1,0.0,1,3.0,1,0.0,0.0,0.0,0.0,0.2857142857142857,0.25,0.7993052538854589,0.0,3.0,0.0,1,157.98,-118.51999999999998,-0.7502215470312698,False,False,False,True,False,False,False,False,False,False,False,False,False,False,False,False,False,False,False,False,False,False,False,False,False,False,False,False,False,False,True,False,False,False,False,True
UAE,Yoga Mat,2025-10-06,Sports,0.0,39.46,,20.0,2.0,0.0,0.0,0,6,41,10,4,279,0,0.0,1.0,-0.8660254037844386,0.5000000000000001,1.0,1,0.0,1,1.0,1,0.0,1,0.14285714285714285,0.37796447300922664,0.0,1.0,0.35714285714285715,0.17857142857142858,0.6118321864193104,0.0,3.0,0.7999999999999999,0,39.46,0.0,0.0,False,False,False,True,False,False,False,False,False,False,False,False,False,False,False,False,False,False,False,False,False,False,False,False,False,False,False,False,False,False,True,False,False,False,False,True
UAE,Yoga Mat,2025-10-07,Sports,0.0,39.46,,20.0,2.0,0.0,0.0,1,7,41,10,4,280,0,0.7818314824680298,0.6234898018587336,-0.8660254037844386,0.5000000000000001,0.0,1,0.0,1,0.0,1,0.0,1,0.14285714285714285,0.37796447300922664,0.0,1.0,0.2857142857142857,0.17857142857142858,0.6118321864193104,0.0,3.0,0.7999999999999999,0,39.46,0.0,0.0,False,False,False,True,False,False,False,False,False,False,False,False,False,False,False,False,False,False,False,False,False,False,False,False,False,False,False,False,False,False,True,False,False,False,False,True
UAE,Yoga Mat,2025-10-08,Sports,0.0,39.46,,20.0,2.0,0.0,0.0,2,8,41,10,4,281,0,0.9749279121818236,-0.22252093395631434,-0.8660254037844386,0.5000000000000001,0.0,1,0.0,1,0.0,1,0.0,1,0.14285714285714285,0.37796447300922664,0.0,1.0,0.2857142857142857,0.17857142857142858,0.6118321864193104,0.0,3.0,0.7999999999999999,0,39.46,0.0,0.0,False,False,False,True,False,False,False,False,False,False,False,False,False,False,False,False,False,False,False,False,False,False,False,False,False,False,False,False,False,False,True,False,False,False,False,True
UAE,Yoga Mat,2025-10-09,Sports,0.0,39.46,,20.0,2.0,0.0,0.0,3,9,41,10,4,282,0,0.43388373911755823,-0.900968867902419,-0.8660254037844386,0.5000000000000001,0.0,1,0.0,1,3.0,1,0.0,1,0.14285714285714285,0.37796447300922664,0.0,1.0,0.2857142857142857,0.17857142857142858,0.6118321864193104,0.0,3.0,0.7999999999999999,0,39.46,0.0,0.0,False,False,False,True,False,False,False,False,False,False,False,False,False,False,False,False,False,False,False,False,False,False,False,False,False,False,False,False,False,False,True,False,False,False,False,True
UAE,Yoga Mat,2025-10-10,Sports,0.0,39.46,,20.0,2.0,0.0,0.0,4,10,41,10,4,283,0,-0.433883739117558,-0.9009688679024191,-0.8660254037844386,0.5000000000000001,0.0,1,0.0,1,0.0,1,0.0,1,0.14285714285714285,0.37796447300922664,0.0,1.0,0.07142857142857142,0.17857142857142858,0.6118321864193104,0.0,3.0,0.7999999999999999,0,39.46,0.0,0.0,False,False,False,True,False,False,False,False,False,False,False,False,False,False,False,False,False,False,False,False,False,False,False,False,False,False,False,False,False,False,True,False,False,False,False,True
UAE,Yoga Mat,2025-10-11,Sports,1.0,99.72,0.13,20.0,2.0,1.0,0.0,5,11,41,10,4,284,1,-0.9749279121818236,-0.2225209339563146,-0.8660254037844386,0.5000000000000001,0.0,1,0.0,1,0.0,1,0.0,1,0.14285714285714285,0.37796447300922664,0.0,1.0,0.07142857142857142,0.17857142857142858,0.6118321864193104,0.0,3.0,0.7999999999999999,1,39.46,60.26,1.5271160669031931,False,False,False,True,False,False,False,False,False,False,False,False,False,False,False,False,False,False,False,False,False,False,False,False,False,False,False,False,False,False,True,False,False,False,False,True
UAE,Yoga Mat,2025-10-12,Sports,3.0,111.53,0.09,20.0,2.0,1.0,0.0,6,12,41,10,4,285,1,-0.7818314824680299,0.6234898018587334,-0.8660254037844386,0.5000000000000001,1.0,1,1.0,1,0.0,1,0.0,1,0.2857142857142857,0.48795003647426627,0.0,1.0,0.14285714285714285,0.21428571428571427,0.6299407883487194,0.0,3.0,1.3333333333333333,1,99.72,11.810000000000002,0.1184316085038107,False,False,False,True,False,False,False,False,False,False,False,False,False,False,False,False,False,False,False,False,False,False,False,False,False,False,False,False,False,False,True,False,False,False,False,True
UAE,Yoga Mat,2025-10-13,Sports,0.0,111.53,,20.0,2.0,0.0,0.0,0,13,42,10,4,286,0,0.0,1.0,-0.8660254037844386,0.5000000000000001,3.0,1,0.0,1,0.0,1,0.0,1,0.5714285714285714,1.1338934190276817,0.0,3.0,0.35714285714285715,0.32142857142857145,0.818923024853331,0.0,3.0,1.7777777777777775,0,111.53,0.0,0.0,False,False,False,True,False,False,False,False,False,False,False,False,False,False,False,False,False,False,False,False,False,False,False,False,False,False,False,False,False,False,True,False,False,False,False,True
UAE,Yoga Mat,2025-10-14,Sports,2.0,159.19,0.0,20.0,2.0,0.0,0.0,1,14,42,10,4,287,0,0.7818314824680298,0.6234898018587336,-0.8660254037844386,0.5000000000000001,0.0,1,0.0,1,0.0,1,0.0,1,0.5714285714285714,1.1338934190276817,0.0,3.0,0.35714285714285715,0.32142857142857145,0.818923024853331,0.0,3.0,1.7777777777777775,0,111.53,47.66,0.4273289697839146,False,False,False,True,False,False,False,False,False,False,False,False,False,False,False,False,False,False,False,False,False,False,False,False,False,False,False,False,False,False,True,False,False,False,False,True
UAE,Yoga Mat,2025-10-15,Sports,0.0,159.19,,20.0,2.0,0.0,0.0,2,15,42,10,4,288,0,0.9749279121818236,-0.22252093395631434,-0.8660254037844386,0.5000000000000001,2.0,1,0.0,1,0.0,1,0.0,1,0.8571428571428571,1.2149857925879117,0.0,3.0,0.5,0.39285714285714285,0.8751417118804385,0.0,3.0,2.1818181818181817,0,159.19,0.0,0.0,False,False,False,True,False,False,False,False,False,False,False,False,False,False,False,False,False,False,False,False,False,False,False,False,False,False,False,False,False,False,True,False,False,False,False,True
UAE,Yoga Mat,2025-10-16,Sports,0.0,159.19,,20.0,2.0,0.0,0.0,3,16,42,10,4,289,0,0.43388373911755823,-0.900968867902419,-0.8660254037844386,0.5000000000000001,0.0,1,0.0,1,0.0,1,0.0,1,0.8571428571428571,1.2149857925879117,0.0,3.0,0.5,0.39285714285714285,0.8751417118804385,0.0,3.0,2.1818181818181817,0,159.19,0.0,0.0,False,False,False,True,False,False,False,False,False,False,False,False,False,False,False,False,False,False,False,False,False,False,False,False,False,False,False,False,False,False,True,False,False,False,False,True
UAE,Yoga Mat,2025-10-17,Sports,0.0,159.19,,20.0,2.0,0.0,0.0,4,17,42,10,4,290,0,-0.433883739117558,-0.9009688679024191,-0.8660254037844386,0.5000000000000001,0.0,1,0.0,1,0.0,1,0.0,1,0.8571428571428571,1.2149857925879117,0.0,3.0,0.5,0.39285714285714285,0.8751417118804385,0.0,3.0,2.1818181818181817,0,159.19,0.0,0.0,False,False,False,True,False,False,False,False,False,False,False,False,False,False,False,False,False,False,False,False,False,False,False,False,False,False,False,False,False,False,True,False,False,False,False,True
UAE,Yoga Mat,2025-10-18,Sports,0.0,159.19,,20.0,2.0,0.0,0.0,5,18,42,10,4,291,1,-0.9749279121818236,-0.2225209339563146,-0.8660254037844386,0.5000000000000001,0.0,1,1.0,1,0.0,1,0.0,1,0.8571428571428571,1.2149857925879117,0.0,3.0,0.5,0.39285714285714285,0.8751417118804385,0.0,3.0,2.1818181818181817,0,159.19,0.0,0.0,False,False,False,True,False,False,False,False,False,False,False,False,False,False,False,False,False,False,False,False,False,False,False,False,False,False,False,False,False,False,True,False,False,False,False,True
UAE,Yoga Mat,2025-10-19,Sports,0.0,159.19,,20.0,2.0,0.0,0.0,6,19,42,10,4,292,1,-0.7818314824680299,0.6234898018587334,-0.8660254037844386,0.5000000000000001,0.0,1,3.0,1,1.0,1,0.0,1,0.7142857142857143,1.2535663410560174,0.0,3.0,0.5,0.39285714285714285,0.8751417118804385,0.0,3.0,1.8181818181818183,0,159.19,0.0,0.0,False,False,False,True,False,False,False,False,False,False,False,False,False,False,False,False,False,False,False,False,False,False,False,False,False,False,False,False,False,False,True,False,False,False,False,True
UAE,Yoga Mat,2025-10-20,Sports,0.0,159.19,,20.0,2.0,0.0,0.0,0,20,43,10,4,293,0,0.0,1.0,-0.8660254037844386,0.5000000000000001,0.0,1,0.0,1,0.0,1,1.0,1,0.2857142857142857,0.7559289460184543,0.0,2.0,0.42857142857142855,0.39285714285714285,0.8751417118804385,0.0,3.0,0.7272727272727273,0,159.19,0.0,0.0,False,False,False,True,False,False,False,False,False,False,False,False,False,False,False,False,False,False,False,False,False,False,False,False,False,False,False,False,False,False,True,False,False,False,False,True
UAE,Yoga Mat,2025-10-21,Sports,0.0,159.19,,20.0,2.0,0.0,0.0,1,21,43,10,4,294,0,0.7818314824680298,0.6234898018587336,-0.8660254037844386,0.5000000000000001,0.0,1,2.0,1,0.0,1,0.0,1,0.2857142857142857,0.7559289460184543,0.0,2.0,0.42857142857142855,0.35714285714285715,0.8698354767504975,0.0,3.0,0.7999999999999999,0,159.19,0.0,0.0,False,False,False,True,False,False,False,False,False,False,False,False,False,False,False,False,False,False,False,False,False,False,False,False,False,False,False,False,False,False,True,False,False,False,False,True
UAE,Yoga Mat,2025-10-22,Sports,0.0,159.19,,20.0,2.0,0.0,0.0,2,22,43,10,4,295,0,0.9749279121818236,-0.22252093395631434,-0.8660254037844386,0.5000000000000001,0.0,1,0.0,1,0.0,1,0.0,1,0.0,0.0,0.0,0.0,0.42857142857142855,0.35714285714285715,0.8698354767504975,0.0,3.0,0.0,0,159.19,0.0,0.0,False,False,False,True,False,False,False,False,False,False,False,False,False,False,False,False,False,False,False,False,False,False,False,False,False,False,False,False,False,False,True,False,False,False,False,True
UAE,Yoga Mat,2025-10-23,Sports,2.0,110.06,0.14,20.0,2.0,1.0,0.0,3,23,43,10,4,296,0,0.43388373911755823,-0.900968867902419,-0.8660254037844386,0.5000000000000001,0.0,1,0.0,1,0.0,1,3.0,1,0.0,0.0,0.0,0.0,0.42857142857142855,0.35714285714285715,0.8698354767504975,0.0,3.0,0.0,1,159.19,-49.129999999999995,-0.3086249136252277,False,False,False,True,False,False,False,False,False,False,False,False,False,False,False,False,False,False,False,False,False,False,False,False,False,False,False,False,False,False,True,False,False,False,False,True
UAE,Yoga Mat,2025-10-24,Sports,0.0,110.06,,20.0,2.0,0.0,0.0,4,24,43,10,4,297,0,-0.433883739117558,-0.9009688679024191,-0.8660254037844386,0.5000000000000001,2.0,1,0.0,1,0.0,1,0.0,1,0.2857142857142857,0.7559289460184543,0.0,2.0,0.5714285714285714,0.32142857142857145,0.7723735149271079,0.0,3.0,0.8888888888888887,0,110.06,0.0,0.0,False,False,False,True,False,False,False,False,False,False,False,False,False,False,False,False,False,False,False,False,False,False,False,False,False,False,False,False,False,False,True,False,False,False,False,True
UAE,Yoga Mat,2025-10-25,Sports,0.0,110.06,,20.0,2.0,0.0,0.0,5,25,43,10,4,298,1,-0.9749279121818236,-0.2225209339563146,-0.8660254037844386,0.5000000000000001,0.0,1,0.0,1,1.0,1,0.0,1,0.2857142857142857,0.7559289460184543,0.0,2.0,0.5714285714285714,0.32142857142857145,0.7723735149271079,0.0,3.0,0.8888888888888887,0,110.06,0.0,0.0,False,False,False,True,False,False,False,False,False,False,False,False,False,False,False,False,False,False,False,False,False,False,False,False,False,False,False,False,False,False,True,False,False,False,False,True
UAE,Yoga Mat,2025-10-26,Sports,0.0,110.06,,20.0,2.0,0.0,0.0,6,26,43,10,4,299,1,-0.7818314824680299,0.6234898018587334,-0.8660254037844386,0.5000000000000001,0.0,1,0.0,1,3.0,1,0.0,1,0.2857142857142857,0.7559289460184543,0.0,2.0,0.5,0.32142857142857145,0.7723735149271079,0.0,3.0,0.8888888888888887,0,110.06,0.0,0.0,False,False,False,True,False,False,False,False,False,False,False,False,False,False,False,False,False,False,False,False,False,False,False,False,False,False,False,False,False,False,True,False,False,False,False,True
UAE,Yoga Mat,2025-10-27,Sports,0.0,110.06,,20.0,2.0,0.0,0.0,0,27,44,10,4,300,0,0.0,1.0,-0.8660254037844386,0.5000000000000001,0.0,1,0.0,1,0.0,1,0.0,1,0.2857142857142857,0.7559289460184543,0.0,2.0,0.2857142857142857,0.32142857142857145,0.7723735149271079,0.0,3.0,0.8888888888888887,0,110.06,0.0,0.0,False,False,False,True,False,False,False,False,False,False,False,False,False,False,False,False,False,False,False,False,False,False,False,False,False,False,False,False,False,False,True,False,False,False,False,True
UAE,Yoga Mat,2025-10-28,Sports,0.0,110.06,,20.0,2.0,0.0,0.0,1,28,44,10,4,301,0,0.7818314824680298,0.6234898018587336,-0.8660254037844386,0.5000000000000001,0.0,1,0.0,1,2.0,1,0.0,1,0.2857142857142857,0.7559289460184543,0.0,2.0,0.2857142857142857,0.32142857142857145,0.7723735149271079,0.0,3.0,0.8888888888888887,0,110.06,0.0,0.0,False,False,False,True,False,False,False,False,False,False,False,False,False,False,False,False,False,False,False,False,False,False,False,False,False,False,False,False,False,False,True,False,False,False,False,True
UAE,Yoga Mat,2025-10-29,Sports,0.0,110.06,,20.0,2.0,0.0,0.0,2,29,44,10,4,302,0,0.9749279121818236,-0.22252093395631434,-0.8660254037844386,0.5000000000000001,0.0,1,0.0,1,0.0,1,0.0,1,0.2857142857142857,0.7559289460184543,0.0,2.0,0.14285714285714285,0.32142857142857145,0.7723735149271079,0.0,3.0,0.8888888888888887,0,110.06,0.0,0.0,False,False,False,True,False,False,False,False,False,False,False,False,False,False,False,False,False,False,False,False,False,False,False,False,False,False,False,False,False,False,True,False,False,False,False,True
UAE,Yoga Mat,2025-10-30,Sports,0.0,110.06,,20.0,2.0,0.0,0.0,3,30,44,10,4,303,0,0.43388373911755823,-0.900968867902419,-0.8660254037844386,0.5000000000000001,0.0,1,2.0,1,0.0,1,0.0,1,0.2857142857142857,0.7559289460184543,0.0,2.0,0.14285714285714285,0.32142857142857145,0.7723735149271079,0.0,3.0,0.8888888888888887,0,110.06,0.0,0.0,False,False,False,True,False,False,False,False,False,False,False,False,False,False,False,False,False,False,False,False,False,False,False,False,False,False,False,False,False,False,True,False,False,False,False,True
UAE,Yoga Mat,2025-10-31,Sports,0.0,110.06,,20.0,2.0,0.0,0.0,4,31,44,10,4,304,0,-0.433883739117558,-0.9009688679024191,-0.8660254037844386,0.5000000000000001,0.0,1,0.0,1,0.0,1,0.0,1,0.0,0.0,0.0,0.0,0.14285714285714285,0.32142857142857145,0.7723735149271079,0.0,3.0,0.0,0,110.06,0.0,0.0,False,False,False,True,False,False,False,False,False,False,False,False,False,False,False,False,False,False,False,False,False,False,False,False,False,False,False,False,False,False,True,False,False,False,False,True
UAE,Yoga Mat,2025-11-01,Sports,0.0,110.06,,20.0,2.0,0.0,0.0,5,1,44,11,4,305,1,-0.9749279121818236,-0.2225209339563146,-0.5000000000000004,0.8660254037844384,0.0,1,0.0,1,0.0,1,0.0,1,0.0,0.0,0.0,0.0,0.14285714285714285,0.32142857142857145,0.7723735149271079,0.0,3.0,0.0,0,110.06,0.0,0.0,False,False,False,True,False,False,False,False,False,False,False,False,False,False,False,False,False,False,False,False,False,False,False,False,False,False,False,False,False,False,True,False,False,False,False,True
UAE,Yoga Mat,2025-11-02,Sports,2.0,112.92,0.15,20.0,2.0,1.0,0.0,6,2,44,11,4,306,1,-0.7818314824680299,0.6234898018587334,-0.5000000000000004,0.8660254037844384,0.0,1,0.0,1,0.0,1,1.0,1,0.0,0.0,0.0,0.0,0.14285714285714285,0.32142857142857145,0.7723735149271079,0.0,3.0,0.0,1,110.06,2.8599999999999994,0.02598582591313828,False,False,False,True,False,False,False,False,False,False,False,False,False,False,False,False,False,False,False,False,False,False,False,False,False,False,False,False,False,False,True,False,False,False,False,True
UAE,Yoga Mat,2025-11-03,Sports,0.0,112.92,,20.0,2.0,0.0,0.0,0,3,45,11,4,307,0,0.0,1.0,-0.5000000000000004,0.8660254037844384,2.0,1,0.0,1,0.0,1,0.0,1,0.2857142857142857,0.7559289460184543,0.0,2.0,0.2857142857142857,0.35714285714285715,0.8261595987094088,0.0,3.0,0.7999999999999999,0,112.92,0.0,0.0,False,False,False,True,False,False,False,False,False,False,False,False,False,False,False,False,False,False,False,False,False,False,False,False,False,False,False,False,False,False,True,False,False,False,False,True
UAE,Yoga Mat,2025-11-04,Sports,7.0,144.76,0.25,20.0,2.0,1.0,1.0,1,4,45,11,4,308,0,0.7818314824680298,0.6234898018587336,-0.5000000000000004,0.8660254037844384,0.0,1,0.0,1,0.0,1,0.0,1,0.2857142857142857,0.7559289460184543,0.0,2.0,0.2857142857142857,0.35714285714285715,0.8261595987094088,0.0,3.0,0.7999999999999999,1,112.92,31.83999999999999,0.28196953595465807,False,False,False,True,False,False,False,False,False,False,False,False,False,False,False,False,False,False,False,False,False,False,False,False,False,False,False,False,False,False,True,False,False,False,False,True
UAE,Yoga Mat,2025-11-05,Sports,3.0,76.85,0.27,20.0,2.0,1.0,0.0,2,5,45,11,4,309,0,0.9749279121818236,-0.22252093395631434,-0.5000000000000004,0.8660254037844384,7.0,1,0.0,1,0.0,1,0.0,1,1.2857142857142858,2.627691364061218,0.0,7.0,0.7857142857142857,0.6071428571428571,1.499117906421808,0.0,7.0,2.11764705882353,1,144.76,-67.91,-0.4691213042276872,False,False,False,True,False,False,False,False,False,False,False,False,False,False,False,False,False,False,False,False,False,False,False,False,False,False,False,False,False,False,True,False,False,False,False,True
UAE,Yoga Mat,2025-11-06,Sports,5.0,162.4,0.23,20.0,2.0,1.0,1.0,3,6,45,11,4,310,0,0.43388373911755823,-0.900968867902419,-0.5000000000000004,0.8660254037844384,3.0,1,0.0,1,2.0,1,0.0,1,1.7142857142857142,2.627691364061218,0.0,7.0,1.0,0.7142857142857143,1.5600841111499217,0.0,7.0,2.4,1,76.85,85.55000000000001,1.1132075471698115,False,False,False,True,False,False,False,False,False,False,False,False,False,False,False,False,False,False,False,False,False,False,False,False,False,False,False,False,False,False,True,False,False,False,False,True
UAE,Yoga Mat,2025-11-07,Sports,3.0,155.37,0.22,20.0,2.0,1.0,0.0,4,7,45,11,4,311,0,-0.433883739117558,-0.9009688679024191,-0.5000000000000004,0.8660254037844384,5.0,1,0.0,1,0.0,1,0.0,1,2.4285714285714284,2.760262237369417,0.0,7.0,1.2142857142857142,0.8928571428571429,1.7499055152119838,0.0,7.0,2.7199999999999998,1,162.4,-7.030000000000001,-0.043288177339901486,False,False,False,True,False,False,False,False,False,False,False,False,False,False,False,False,False,False,False,False,False,False,False,False,False,False,False,False,False,False,True,False,False,False,False,True
UAE,Yoga Mat,2025-11-08,Sports,0.0,155.37,,20.0,2.0,0.0,0.0,5,8,45,11,4,312,1,-0.9749279121818236,-0.2225209339563146,-0.5000000000000004,0.8660254037844384,3.0,1,0.0,1,0.0,1,1.0,1,2.857142857142857,2.5448360411214073,0.0,7.0,1.4285714285714286,1.0,1.7847087115787805,0.0,7.0,2.857142857142857,0,155.37,0.0,0.0,False,False,False,True,False,False,False,False,False,False,False,False,False,False,False,False,False,False,False,False,False,False,False,False,False,False,False,False,False,False,True,False,False,False,False,True
UAE,Yoga Mat,2025-11-09,Sports,0.0,155.37,,20.0,2.0,0.0,0.0,6,9,45,11,4,313,1,-0.7818314824680299,0.6234898018587334,-0.5000000000000004,0.8660254037844384,0.0,1,2.0,1,0.0,1,3.0,1,2.857142857142857,2.5448360411214073,0.0,7.0,1.4285714285714286,0.9642857142857143,1.794686454760128,0.0,7.0,2.962962962962963,0,155.37,0.0,0.0,False,False,False,True,False,False,False,False,False,False,False,False,False,False,False,False,False,False,False,False,False,False,False,False,False,False,False,False,False,False,True,False,False,False,False,True
UAE,Yoga Mat,2025-11-10,Sports,0.0,155.37,,20.0,2.0,0.0,0.0,0,10,46,11,4,314,0,0.0,1.0,-0.5000000000000004,0.8660254037844384,0.0,1,0.0,1,0.0,1,0.0,1,2.5714285714285716,2.760262237369417,0.0,7.0,1.4285714285714286,0.8571428571428571,1.7578245333215419,0.0,7.0,3.0000000000000004,0,155.37,0.0,0.0,False,False,False,True,False,False,False,False,False,False,False,False,False,False,False,False,False,False,False,False,False,False,False,False,False,False,False,False,False,False,True,False,False,False,False,True
UAE,Yoga Mat,2025-11-11,Sports,0.0,155.37,,20.0,2.0,0.0,0.0,1,11,46,11,4,315,0,0.7818314824680298,0.6234898018587336,-0.5000000000000004,0.8660254037844384,0.0,1,7.0,1,0.0,1,2.0,1,2.5714285714285716,2.760262237369417,0.0,7.0,1.4285714285714286,0.8571428571428571,1.7578245333215419,0.0,7.0,3.0000000000000004,0,155.37,0.0,0.0,False,False,False,True,False,False,False,False,False,False,False,False,False,False,False,False,False,False,False,False,False,False,False,False,False,False,False,False,False,False,True,False,False,False,False,True
UAE,Yoga Mat,2025-11-12,Sports,0.0,155.37,,20.0,2.0,0.0,0.0,2,12,46,11,4,316,0,0.9749279121818236,-0.22252093395631434,-0.5000000000000004,0.8660254037844384,0.0,1,3.0,1,0.0,1,0.0,1,1.5714285714285714,2.0701966780270626,0.0,5.0,1.4285714285714286,0.7857142857142857,1.750283423760869,0.0,7.0,2.0,0,155.37,0.0,0.0,False,False,False,True,False,False,False,False,False,False,False,False,False,False,False,False,False,False,False,False,False,False,False,False,False,False,False,False,False,False,True,False,False,False,False,True
UAE,Yoga Mat,2025-11-13,Sports,0.0,155.37,,20.0,2.0,0.0,0.0,3,13,46,11,4,317,0,0.43388373911755823,-0.900968867902419,-0.5000000000000004,0.8660254037844384,0.0,1,5.0,1,0.0,1,0.0,1,1.1428571428571428,2.0354009783964297,0.0,5.0,1.4285714285714286,0.7857142857142857,1.750283423760869,0.0,7.0,1.4545454545454546,0,155.37,0.0,0.0,False,False,False,True,False,False,False,False,False,False,False,False,False,False,False,False,False,False,False,False,False,False,False,False,False,False,False,False,False,False,True,False,False,False,False,True
UAE,Yoga Mat,2025-11-14,Sports,0.0,155.37,,20.0,2.0,0.0,0.0,4,14,46,11,4,318,0,-0.433883739117558,-0.9009688679024191,-0.5000000000000004,0.8660254037844384,0.0,1,3.0,1,0.0,1,0.0,1,0.42857142857142855,1.1338934190276815,0.0,3.0,1.4285714285714286,0.7857142857142857,1.750283423760869,0.0,7.0,0.5454545454545454,0,155.37,0.0,0.0,False,False,False,True,False,False,False,False,False,False,False,False,False,False,False,False,False,False,False,False,False,False,False,False,False,False,False,False,False,False,True,False,False,False,False,True
UAE,Yoga Mat,2025-11-15,Sports,7.0,71.515,0.23,20.0,2.0,1.0,1.0,5,15,46,11,4,319,1,-0.9749279121818236,-0.2225209339563146,-0.5000000000000004,0.8660254037844384,0.0,1,0.0,1,0.0,1,0.0,1,0.0,0.0,0.0,0.0,1.4285714285714286,0.7857142857142857,1.750283423760869,0.0,7.0,0.0,1,155.37,-83.855,-0.5397116560468559,False,False,False,True,False,False,False,False,False,False,False,False,False,False,False,False,False,False,False,False,False,False,False,False,False,False,False,False,False,False,True,False,False,False,False,True
UAE,Yoga Mat,2025-11-16,Sports,0.0,71.515,,20.0,2.0,0.0,0.0,6,16,46,11,4,320,1,-0.7818314824680299,0.6234898018587334,-0.5000000000000004,0.8660254037844384,7.0,1,0.0,1,2.0,1,0.0,1,1.0,2.6457513110645903,0.0,7.0,1.9285714285714286,1.0357142857142858,2.0990675682513564,0.0,7.0,0.9655172413793103,0,71.515,0.0,0.0,False,False,False,True,False,False,False,False,False,False,False,False,False,False,False,False,False,False,False,False,False,False,False,False,False,False,False,False,False,False,True,False,False,False,False,True
UAE,Yoga Mat,2025-11-17,Sports,0.0,71.515,,20.0,2.0,0.0,0.0,0,17,47,11,4,321,0,0.0,1.0,-0.5000000000000004,0.8660254037844384,0.0,1,0.0,1,0.0,1,0.0,1,1.0,2.6457513110645903,0.0,7.0,1.7857142857142858,1.0357142857142858,2.0990675682513564,0.0,7.0,0.9655172413793103,0,71.515,0.0,0.0,False,False,False,True,False,False,False,False,False,False,False,False,False,False,False,False,False,False,False,False,False,False,False,False,False,False,False,False,False,False,True,False,False,False,False,True
UAE,Yoga Mat,2025-11-18,Sports,0.0,71.515,,20.0,2.0,0.0,0.0,1,18,47,11,4,322,0,0.7818314824680298,0.6234898018587336,-0.5000000000000004,0.8660254037844384,0.0,1,0.0,1,7.0,1,0.0,1,1.0,2.6457513110645903,0.0,7.0,1.7857142857142858,1.0357142857142858,2.0990675682513564,0.0,7.0,0.9655172413793103,0,71.515,0.0,0.0,False,False,False,True,False,False,False,False,False,False,False,False,False,False,False,False,False,False,False,False,False,False,False,False,False,False,False,False,False,False,True,False,False,False,False,True
UAE,Yoga Mat,2025-11-19,Sports,0.0,71.515,,20.0,2.0,0.0,0.0,2,19,47,11,4,323,0,0.9749279121818236,-0.22252093395631434,-0.5000000000000004,0.8660254037844384,0.0,1,0.0,1,3.0,1,0.0,1,1.0,2.6457513110645903,0.0,7.0,1.2857142857142858,1.0357142857142858,2.0990675682513564,0.0,7.0,0.9655172413793103,0,71.515,0.0,0.0,False,False,False,True,False,False,False,False,False,False,False,False,False,False,False,False,False,False,False,False,False,False,False,False,False,False,False,False,False,False,True,False,False,False,False,True
UAE,Yoga Mat,2025-11-20,Sports,0.0,71.515,,20.0,2.0,0.0,0.0,3,20,47,11,4,324,0,0.43388373911755823,-0.900968867902419,-0.5000000000000004,0.8660254037844384,0.0,1,0.0,1,5.0,1,2.0,1,1.0,2.6457513110645903,0.0,7.0,1.0714285714285714,1.0357142857142858,2.0990675682513564,0.0,7.0,0.9655172413793103,0,71.515,0.0,0.0,False,False,False,True,False,False,False,False,False,False,False,False,False,False,False,False,False,False,False,False,False,False,False,False,False,False,False,False,False,False,True,False,False,False,False,True
UAE,Yoga Mat,2025-11-21,Sports,0.0,71.515,,20.0,2.0,0.0,0.0,4,21,47,11,4,325,0,-0.433883739117558,-0.9009688679024191,-0.5000000000000004,0.8660254037844384,0.0,1,0.0,1,3.0,1,0.0,1,1.0,2.6457513110645903,0.0,7.0,0.7142857142857143,0.9642857142857143,2.0990675682513564,0.0,7.0,1.037037037037037,0,71.515,0.0,0.0,False,False,False,True,False,False,False,False,False,False,False,False,False,False,False,False,False,False,False,False,False,False,False,False,False,False,False,False,False,False,True,False,False,False,False,True
UAE,Yoga Mat,2025-11-22,Sports,0.0,71.515,,20.0,2.0,0.0,0.0,5,22,47,11,4,326,1,-0.9749279121818236,-0.2225209339563146,-0.5000000000000004,0.8660254037844384,0.0,1,7.0,1,0.0,1,0.0,1,1.0,2.6457513110645903,0.0,7.0,0.5,0.9642857142857143,2.0990675682513564,0.0,7.0,1.037037037037037,0,71.515,0.0,0.0,False,False,False,True,False,False,False,False,False,False,False,False,False,False,False,False,False,False,False,False,False,False,False,False,False,False,False,False,False,False,True,False,False,False,False,True
UAE,Yoga Mat,2025-11-23,Sports,4.0,58.87,0.15,20.0,2.0,1.0,0.0,6,23,47,11,4,327,1,-0.7818314824680299,0.6234898018587334,-0.5000000000000004,0.8660254037844384,0.0,1,0.0,1,0.0,1,0.0,1,0.0,0.0,0.0,0.0,0.5,0.9642857142857143,2.0990675682513564,0.0,7.0,0.0,1,71.515,-12.645000000000003,-0.1768160525763826,False,False,False,True,False,False,False,False,False,False,False,False,False,False,False,False,False,False,False,False,False,False,False,False,False,False,False,False,False,False,True,False,False,False,False,True
UAE,Yoga Mat,2025-11-24,Sports,2.0,167.76,0.15,20.0,2.0,1.0,0.0,0,24,48,11,4,328,0,0.0,1.0,-0.5000000000000004,0.8660254037844384,4.0,1,0.0,1,0.0,1,0.0,1,0.5714285714285714,1.5118578920369086,0.0,4.0,0.7857142857142857,1.1071428571428572,2.166056080021694,0.0,7.0,0.5161290322580645,1,58.87,108.88999999999999,1.849668761678274,False,False,False,True,False,False,False,False,False,False,False,False,False,False,False,False,False,False,False,False,False,False,False,False,False,False,False,False,False,False,True,False,False,False,False,True
UAE,Yoga Mat,2025-11-25,Sports,7.0,100.195,0.3,20.0,2.0,1.0,1.0,1,25,48,11,4,329,0,0.7818314824680298,0.6234898018587336,-0.5000000000000004,0.8660254037844384,2.0,1,0.0,1,0.0,1,0.0,1,0.8571428571428571,1.573591584938886,0.0,4.0,0.9285714285714286,1.1785714285714286,2.161165176619993,0.0,7.0,0.7272727272727272,1,167.76,-67.565,-0.4027479732951836,False,False,False,True,False,False,False,False,False,False,False,False,False,False,False,False,False,False,False,False,False,False,False,False,False,False,False,False,False,False,True,False,False,False,False,True
